Date (heure belge);Horodatage UTC;Page;Etat;Duree (s);Duree (ms)
29/09/2026 22:37:24;2026-09-29T20:37:24.220Z;Courses hippiques (PMU);OK;7,7;7671
29/09/2026 22:37:24;2026-09-29T20:37:24.220Z;Courses de lévriers;OK;5,9;5925
29/09/2026 22:49:26;2026-09-29T20:49:26.988Z;Courses hippiques (PMU);OK;7,4;7408
29/09/2026 22:49:26;2026-09-29T20:49:26.988Z;Courses de lévriers;OK;5,9;5911
29/09/2026 23:01:53;2026-09-29T21:01:53.130Z;Courses hippiques (PMU);OK;5,2;5189
29/09/2026 23:01:53;2026-09-29T21:01:53.130Z;Courses de lévriers;OK;4,5;4537
29/09/2026 23:13:23;2026-09-29T21:13:23.399Z;Courses hippiques (PMU);OK;6,5;6537
29/09/2026 23:13:23;2026-09-29T21:13:23.399Z;Courses de lévriers;OK;5,7;5736
29/09/2026 23:25:20;2026-09-29T21:25:20.610Z;Courses hippiques (PMU);OK;7,2;7228
29/09/2026 23:25:20;2026-09-29T21:25:20.610Z;Courses de lévriers;OK;5,3;5322
29/09/2026 23:37:39;2026-09-29T21:37:39.429Z;Courses hippiques (PMU);OK;6,2;6170
29/09/2026 23:37:39;2026-09-29T21:37:39.429Z;Courses de lévriers;OK;5,6;5638
29/09/2026 23:49:35;2026-09-29T21:49:35.752Z;Courses hippiques (PMU);OK;6,0;5961
29/09/2026 23:49:35;2026-09-29T21:49:35.752Z;Courses de lévriers;OK;6,0;6001
30/09/2026 00:19:09;2026-09-29T22:19:09.725Z;Courses hippiques (PMU);OK;2,5;2528
30/09/2026 00:19:09;2026-09-29T22:19:09.725Z;Courses de lévriers;OK;1,3;1308
30/09/2026 07:37:03;2026-09-30T05:37:03.673Z;Courses hippiques (PMU);OK;2,2;2188
30/09/2026 07:37:03;2026-09-30T05:37:03.673Z;Courses de lévriers;OK;1,5;1486
30/09/2026 08:01:45;2026-09-30T06:01:45.891Z;Courses hippiques (PMU);OK;2,4;2354
30/09/2026 08:01:45;2026-09-30T06:01:45.891Z;Courses de lévriers;OK;1,5;1544
30/09/2026 08:13:14;2026-09-30T06:13:14.910Z;Courses hippiques (PMU);OK;2,1;2102
30/09/2026 08:13:14;2026-09-30T06:13:14.910Z;Courses de lévriers;OK;1,7;1663
30/09/2026 08:25:11;2026-09-30T06:25:11.214Z;Courses hippiques (PMU);OK;1,6;1584
30/09/2026 08:25:11;2026-09-30T06:25:11.214Z;Courses de lévriers;OK;1,3;1306
30/09/2026 08:37:34;2026-09-30T06:37:34.464Z;Courses hippiques (PMU);OK;5,8;5754
30/09/2026 08:37:34;2026-09-30T06:37:34.464Z;Courses de lévriers;OK;7,2;7218
30/09/2026 08:49:41;2026-09-30T06:49:41.710Z;Courses hippiques (PMU);OK;6,1;6068
30/09/2026 08:49:41;2026-09-30T06:49:41.710Z;Courses de lévriers;OK;5,6;5642
30/09/2026 09:01:48;2026-09-30T07:01:48.575Z;Courses hippiques (PMU);OK;5,0;4978
30/09/2026 09:01:48;2026-09-30T07:01:48.575Z;Courses de lévriers;OK;4,9;4923
30/09/2026 09:13:17;2026-09-30T07:13:17.669Z;Courses hippiques (PMU);OK;5,2;5207
30/09/2026 09:13:17;2026-09-30T07:13:17.669Z;Courses de lévriers;OK;4,5;4450
30/09/2026 09:25:25;2026-09-30T07:25:25.029Z;Courses hippiques (PMU);OK;5,5;5538
30/09/2026 09:25:25;2026-09-30T07:25:25.029Z;Courses de lévriers;OK;7,4;7414
30/09/2026 09:37:18;2026-09-30T07:37:18.094Z;Courses hippiques (PMU);OK;4,3;4294
30/09/2026 09:37:18;2026-09-30T07:37:18.094Z;Courses de lévriers;OK;5,3;5329
30/09/2026 09:49:19;2026-09-30T07:49:19.998Z;Courses hippiques (PMU);OK;5,0;4974
30/09/2026 09:49:19;2026-09-30T07:49:19.998Z;Courses de lévriers;OK;4,5;4453
30/09/2026 10:02:00;2026-09-30T08:02:00.943Z;Courses hippiques (PMU);OK;6,8;6797
30/09/2026 10:02:00;2026-09-30T08:02:00.943Z;Courses de lévriers;OK;6,1;6092
30/09/2026 10:13:27;2026-09-30T08:13:27.596Z;Courses hippiques (PMU);OK;6,0;5967
30/09/2026 10:13:27;2026-09-30T08:13:27.596Z;Courses de lévriers;OK;5,7;5701
30/09/2026 10:25:25;2026-09-30T08:25:25.573Z;Courses hippiques (PMU);OK;5,7;5686
30/09/2026 10:25:25;2026-09-30T08:25:25.573Z;Courses de lévriers;OK;7,4;7441
30/09/2026 10:37:24;2026-09-30T08:37:24.638Z;Courses hippiques (PMU);ECHEC;5,5;5538
30/09/2026 10:37:24;2026-09-30T08:37:24.638Z;Courses de lévriers;OK;6,0;6003
30/09/2026 10:49:20;2026-09-30T08:49:20.016Z;Courses hippiques (PMU);OK;4,0;3979
30/09/2026 10:49:20;2026-09-30T08:49:20.016Z;Courses de lévriers;OK;4,4;4405
30/09/2026 11:01:54;2026-09-30T09:01:54.166Z;Courses hippiques (PMU);OK;5,4;5440
30/09/2026 11:01:54;2026-09-30T09:01:54.166Z;Courses de lévriers;OK;5,4;5435
30/09/2026 11:13:19;2026-09-30T09:13:19.320Z;Courses hippiques (PMU);OK;5,2;5230
30/09/2026 11:13:19;2026-09-30T09:13:19.320Z;Courses de lévriers;OK;5,8;5751
30/09/2026 11:25:22;2026-09-30T09:25:22.812Z;Courses hippiques (PMU);OK;6,4;6449
30/09/2026 11:25:22;2026-09-30T09:25:22.812Z;Courses de lévriers;OK;6,4;6422
30/09/2026 11:37:27;2026-09-30T09:37:27.738Z;Courses hippiques (PMU);OK;5,9;5876
30/09/2026 11:37:27;2026-09-30T09:37:27.738Z;Courses de lévriers;OK;6,3;6253
30/09/2026 11:49:28;2026-09-30T09:49:28.637Z;Courses hippiques (PMU);OK;4,9;4911
30/09/2026 11:49:28;2026-09-30T09:49:28.637Z;Courses de lévriers;OK;6,8;6805
30/09/2026 12:02:11;2026-09-30T10:02:11.783Z;Courses hippiques (PMU);ECHEC;4,9;4938
30/09/2026 12:02:11;2026-09-30T10:02:11.783Z;Courses de lévriers;OK;6,9;6871
30/09/2026 12:13:35;2026-09-30T10:13:35.067Z;Courses hippiques (PMU);OK;6,6;6630
30/09/2026 12:13:35;2026-09-30T10:13:35.067Z;Courses de lévriers;OK;5,8;5817
30/09/2026 12:25:21;2026-09-30T10:25:21.016Z;Courses hippiques (PMU);OK;6,2;6156
30/09/2026 12:25:21;2026-09-30T10:25:21.016Z;Courses de lévriers;OK;5,9;5895
30/09/2026 12:37:18;2026-09-30T10:37:18.716Z;Courses hippiques (PMU);OK;4,9;4901
30/09/2026 12:37:18;2026-09-30T10:37:18.716Z;Courses de lévriers;OK;6,0;6018
30/09/2026 12:49:23;2026-09-30T10:49:23.747Z;Courses hippiques (PMU);OK;5,1;5118
30/09/2026 12:49:23;2026-09-30T10:49:23.747Z;Courses de lévriers;OK;6,0;5996
30/09/2026 13:01:55;2026-09-30T11:01:55.900Z;Courses hippiques (PMU);ECHEC;5,8;5813
30/09/2026 13:01:55;2026-09-30T11:01:55.900Z;Courses de lévriers;OK;6,6;6621
30/09/2026 13:13:46;2026-09-30T11:13:46.112Z;Courses hippiques (PMU);OK;6,7;6741
30/09/2026 13:13:46;2026-09-30T11:13:46.112Z;Courses de lévriers;OK;5,1;5075
30/09/2026 13:25:34;2026-09-30T11:25:34.756Z;Courses hippiques (PMU);OK;5,4;5424
30/09/2026 13:25:34;2026-09-30T11:25:34.756Z;Courses de lévriers;OK;6,3;6295
30/09/2026 13:37:24;2026-09-30T11:37:24.494Z;Courses hippiques (PMU);OK;5,6;5573
30/09/2026 13:37:24;2026-09-30T11:37:24.494Z;Courses de lévriers;OK;6,5;6548
30/09/2026 13:49:24;2026-09-30T11:49:24.438Z;Courses hippiques (PMU);OK;9,7;9651
30/09/2026 13:49:24;2026-09-30T11:49:24.438Z;Courses de lévriers;ECHEC;3,6;3593
30/09/2026 14:02:04;2026-09-30T12:02:04.873Z;Courses hippiques (PMU);OK;4,7;4727
30/09/2026 14:02:04;2026-09-30T12:02:04.873Z;Courses de lévriers;OK;5,1;5073
30/09/2026 14:13:28;2026-09-30T12:13:28.295Z;Courses hippiques (PMU);OK;6,4;6377
30/09/2026 14:13:28;2026-09-30T12:13:28.295Z;Courses de lévriers;OK;9,0;8964
30/09/2026 14:25:44;2026-09-30T12:25:44.010Z;Courses hippiques (PMU);OK;4,7;4685
30/09/2026 14:25:44;2026-09-30T12:25:44.010Z;Courses de lévriers;OK;5,2;5249
30/09/2026 14:37:19;2026-09-30T12:37:19.072Z;Courses hippiques (PMU);OK;4,9;4898
30/09/2026 14:37:19;2026-09-30T12:37:19.072Z;Courses de lévriers;OK;5,8;5816
30/09/2026 14:39:45;2026-09-30T12:39:45.230Z;Courses hippiques (PMU);OK;5,5;5491
30/09/2026 14:39:45;2026-09-30T12:39:45.230Z;Courses de lévriers;OK;5,8;5765
30/09/2026 14:49:31;2026-09-30T12:49:31.399Z;Courses hippiques (PMU);OK;4,9;4923
30/09/2026 14:49:31;2026-09-30T12:49:31.399Z;Courses de lévriers;OK;5,7;5683
30/09/2026 15:02:04;2026-09-30T13:02:04.575Z;Courses hippiques (PMU);OK;7,1;7080
30/09/2026 15:02:04;2026-09-30T13:02:04.575Z;Courses de lévriers;OK;6,2;6240
30/09/2026 15:13:26;2026-09-30T13:13:26.661Z;Courses hippiques (PMU);OK;5,2;5167
30/09/2026 15:13:26;2026-09-30T13:13:26.661Z;Courses de lévriers;OK;4,6;4587
30/09/2026 15:26:02;2026-09-30T13:26:02.916Z;Courses hippiques (PMU);OK;5,5;5460
30/09/2026 15:26:02;2026-09-30T13:26:02.916Z;Courses de lévriers;OK;6,6;6585
30/09/2026 15:37:44;2026-09-30T13:37:44.967Z;Courses hippiques (PMU);OK;7,9;7891
30/09/2026 15:37:44;2026-09-30T13:37:44.967Z;Courses de lévriers;OK;9,2;9197
30/09/2026 15:50:07;2026-09-30T13:50:07.298Z;Courses hippiques (PMU);OK;6,7;6733
30/09/2026 15:50:07;2026-09-30T13:50:07.298Z;Courses de lévriers;OK;6,3;6267
30/09/2026 16:02:22;2026-09-30T14:02:22.030Z;Courses hippiques (PMU);OK;6,4;6418
30/09/2026 16:02:22;2026-09-30T14:02:22.030Z;Courses de lévriers;OK;7,3;7310
30/09/2026 16:13:40;2026-09-30T14:13:40.658Z;Courses hippiques (PMU);OK;5,2;5227
30/09/2026 16:13:40;2026-09-30T14:13:40.658Z;Courses de lévriers;OK;6,9;6930
30/09/2026 16:37:51;2026-09-30T14:37:51.096Z;Courses hippiques (PMU);OK;5,6;5632
30/09/2026 16:37:51;2026-09-30T14:37:51.096Z;Courses de lévriers;OK;5,8;5814
30/09/2026 16:50:48;2026-09-30T14:50:48.825Z;Courses hippiques (PMU);OK;4,7;4725
30/09/2026 16:50:48;2026-09-30T14:50:48.825Z;Courses de lévriers;OK;6,2;6200
30/09/2026 17:02:47;2026-09-30T15:02:47.173Z;Courses hippiques (PMU);ECHEC;30,0;30017
30/09/2026 17:02:47;2026-09-30T15:02:47.173Z;Courses de lévriers;OK;10,1;10109
30/09/2026 17:13:27;2026-09-30T15:13:27.621Z;Courses hippiques (PMU);OK;7,7;7721
30/09/2026 17:13:27;2026-09-30T15:13:27.621Z;Courses de lévriers;OK;6,1;6089
30/09/2026 17:25:59;2026-09-30T15:25:59.196Z;Courses hippiques (PMU);OK;5,0;4993
30/09/2026 17:25:59;2026-09-30T15:25:59.196Z;Courses de lévriers;OK;5,8;5825
30/09/2026 17:37:28;2026-09-30T15:37:28.792Z;Courses hippiques (PMU);OK;7,6;7551
30/09/2026 17:37:28;2026-09-30T15:37:28.792Z;Courses de lévriers;OK;6,1;6063
30/09/2026 17:49:26;2026-09-30T15:49:26.976Z;Courses hippiques (PMU);OK;5,3;5346
30/09/2026 17:49:26;2026-09-30T15:49:26.976Z;Courses de lévriers;OK;5,8;5842
30/09/2026 18:02:09;2026-09-30T16:02:09.114Z;Courses hippiques (PMU);OK;6,7;6712
30/09/2026 18:02:09;2026-09-30T16:02:09.114Z;Courses de lévriers;OK;9,3;9305
30/09/2026 18:13:27;2026-09-30T16:13:27.504Z;Courses hippiques (PMU);OK;8,1;8141
30/09/2026 18:13:27;2026-09-30T16:13:27.504Z;Courses de lévriers;OK;6,3;6325
30/09/2026 18:28:37;2026-09-30T16:28:37.833Z;Courses hippiques (PMU);OK;5,9;5920
30/09/2026 18:28:37;2026-09-30T16:28:37.833Z;Courses de lévriers;OK;6,4;6393
30/09/2026 18:37:40;2026-09-30T16:37:40.847Z;Courses hippiques (PMU);OK;6,2;6203
30/09/2026 18:37:40;2026-09-30T16:37:40.847Z;Courses de lévriers;OK;6,3;6258
30/09/2026 18:49:53;2026-09-30T16:49:53.516Z;Courses hippiques (PMU);OK;5,6;5616
30/09/2026 18:49:53;2026-09-30T16:49:53.516Z;Courses de lévriers;OK;6,2;6204
30/09/2026 19:01:55;2026-09-30T17:01:55.311Z;Courses hippiques (PMU);OK;6,0;6034
30/09/2026 19:01:55;2026-09-30T17:01:55.311Z;Courses de lévriers;OK;7,0;6977
30/09/2026 19:13:24;2026-09-30T17:13:24.137Z;Courses hippiques (PMU);ECHEC;4,7;4696
30/09/2026 19:13:24;2026-09-30T17:13:24.137Z;Courses de lévriers;OK;5,3;5273
30/09/2026 19:25:36;2026-09-30T17:25:36.898Z;Courses hippiques (PMU);OK;5,8;5815
30/09/2026 19:25:36;2026-09-30T17:25:36.898Z;Courses de lévriers;OK;6,1;6082
30/09/2026 19:37:28;2026-09-30T17:37:28.635Z;Courses hippiques (PMU);OK;5,4;5385
30/09/2026 19:37:28;2026-09-30T17:37:28.635Z;Courses de lévriers;OK;5,6;5559
30/09/2026 19:50:12;2026-09-30T17:50:12.896Z;Courses hippiques (PMU);OK;7,8;7818
30/09/2026 19:50:12;2026-09-30T17:50:12.896Z;Courses de lévriers;OK;5,6;5568
30/09/2026 20:01:58;2026-09-30T18:01:58.496Z;Courses hippiques (PMU);ECHEC;11,3;11281
30/09/2026 20:01:58;2026-09-30T18:01:58.496Z;Courses de lévriers;OK;5,7;5673
30/09/2026 20:13:28;2026-09-30T18:13:28.872Z;Courses hippiques (PMU);OK;5,6;5553
30/09/2026 20:13:28;2026-09-30T18:13:28.872Z;Courses de lévriers;OK;9,8;9798
30/09/2026 20:32:10;2026-09-30T18:32:10.244Z;Courses hippiques (PMU);OK;5,9;5915
30/09/2026 20:32:10;2026-09-30T18:32:10.244Z;Courses de lévriers;OK;6,7;6724
30/09/2026 20:37:28;2026-09-30T18:37:28.077Z;Courses hippiques (PMU);OK;5,1;5088
30/09/2026 20:37:28;2026-09-30T18:37:28.077Z;Courses de lévriers;OK;7,6;7566
30/09/2026 20:52:20;2026-09-30T18:52:20.842Z;Courses hippiques (PMU);OK;5,2;5183
30/09/2026 20:52:20;2026-09-30T18:52:20.842Z;Courses de lévriers;OK;5,6;5623
30/09/2026 21:01:49;2026-09-30T19:01:49.523Z;Courses hippiques (PMU);OK;4,0;4046
30/09/2026 21:01:49;2026-09-30T19:01:49.523Z;Courses de lévriers;OK;5,4;5361
30/09/2026 21:13:38;2026-09-30T19:13:38.486Z;Courses hippiques (PMU);OK;6,2;6228
30/09/2026 21:13:38;2026-09-30T19:13:38.486Z;Courses de lévriers;OK;4,7;4671
30/09/2026 21:25:33;2026-09-30T19:25:33.080Z;Courses hippiques (PMU);OK;5,3;5333
30/09/2026 21:25:33;2026-09-30T19:25:33.080Z;Courses de lévriers;OK;5,7;5692
30/09/2026 21:39:49;2026-09-30T19:39:49.698Z;Courses hippiques (PMU);OK;5,0;4993
30/09/2026 21:39:49;2026-09-30T19:39:49.698Z;Courses de lévriers;OK;6,2;6217
30/09/2026 21:49:32;2026-09-30T19:49:32.996Z;Courses hippiques (PMU);OK;5,9;5906
30/09/2026 21:49:32;2026-09-30T19:49:32.996Z;Courses de lévriers;OK;5,4;5425
30/09/2026 22:01:57;2026-09-30T20:01:57.778Z;Courses hippiques (PMU);OK;5,5;5474
30/09/2026 22:01:57;2026-09-30T20:01:57.778Z;Courses de lévriers;OK;5,8;5836
30/09/2026 22:04:24;2026-09-30T20:04:24.257Z;Courses hippiques (PMU);OK;5,9;5920
30/09/2026 22:04:24;2026-09-30T20:04:24.257Z;Courses de lévriers;OK;5,5;5511
30/09/2026 22:13:38;2026-09-30T20:13:38.662Z;Courses hippiques (PMU);OK;6,8;6846
30/09/2026 22:13:38;2026-09-30T20:13:38.662Z;Courses de lévriers;OK;6,1;6108
30/09/2026 22:25:33;2026-09-30T20:25:33.959Z;Courses hippiques (PMU);OK;5,5;5537
30/09/2026 22:25:33;2026-09-30T20:25:33.959Z;Courses de lévriers;OK;6,0;5980
30/09/2026 22:37:34;2026-09-30T20:37:34.508Z;Courses hippiques (PMU);OK;5,9;5876
30/09/2026 22:37:34;2026-09-30T20:37:34.508Z;Courses de lévriers;OK;5,9;5916
30/09/2026 22:49:25;2026-09-30T20:49:25.010Z;Courses hippiques (PMU);OK;6,0;5990
30/09/2026 22:49:25;2026-09-30T20:49:25.010Z;Courses de lévriers;OK;5,5;5541
30/09/2026 23:01:57;2026-09-30T21:01:57.150Z;Courses hippiques (PMU);OK;6,3;6295
30/09/2026 23:01:57;2026-09-30T21:01:57.150Z;Courses de lévriers;OK;6,9;6869
30/09/2026 23:13:18;2026-09-30T21:13:18.642Z;Courses hippiques (PMU);OK;4,9;4947
30/09/2026 23:13:18;2026-09-30T21:13:18.642Z;Courses de lévriers;OK;5,5;5549
30/09/2026 23:25:25;2026-09-30T21:25:25.517Z;Courses hippiques (PMU);OK;5,1;5064
30/09/2026 23:25:25;2026-09-30T21:25:25.517Z;Courses de lévriers;OK;5,8;5771
30/09/2026 23:42:01;2026-09-30T21:42:01.774Z;Courses hippiques (PMU);OK;5,0;5030
30/09/2026 23:42:01;2026-09-30T21:42:01.774Z;Courses de lévriers;OK;6,4;6429
30/09/2026 23:49:26;2026-09-30T21:49:26.294Z;Courses hippiques (PMU);OK;5,1;5130
30/09/2026 23:49:26;2026-09-30T21:49:26.294Z;Courses de lévriers;OK;6,3;6307
01/10/2026 02:34:58;2026-10-01T00:34:58.668Z;Courses hippiques (PMU);OK;3,3;3326
01/10/2026 02:34:58;2026-10-01T00:34:58.668Z;Courses de lévriers;OK;3,2;3228
01/10/2026 08:01:47;2026-10-01T06:01:47.493Z;Courses hippiques (PMU);OK;1,8;1792
01/10/2026 08:01:47;2026-10-01T06:01:47.493Z;Courses de lévriers;OK;1,4;1392
01/10/2026 08:13:32;2026-10-01T06:13:32.004Z;Courses hippiques (PMU);OK;2,5;2450
01/10/2026 08:13:32;2026-10-01T06:13:32.004Z;Courses de lévriers;OK;1,7;1665
01/10/2026 08:25:29;2026-10-01T06:25:29.340Z;Courses hippiques (PMU);OK;2,3;2337
01/10/2026 08:25:29;2026-10-01T06:25:29.340Z;Courses de lévriers;OK;1,8;1848
01/10/2026 08:37:22;2026-10-01T06:37:22.341Z;Courses hippiques (PMU);ECHEC;4,9;4946
01/10/2026 08:37:22;2026-10-01T06:37:22.341Z;Courses de lévriers;OK;5,6;5575
01/10/2026 08:49:21;2026-10-01T06:49:21.801Z;Courses hippiques (PMU);OK;4,8;4798
01/10/2026 08:49:21;2026-10-01T06:49:21.801Z;Courses de lévriers;OK;4,7;4728
01/10/2026 09:01:51;2026-10-01T07:01:51.983Z;Courses hippiques (PMU);OK;4,0;4037
01/10/2026 09:01:51;2026-10-01T07:01:51.983Z;Courses de lévriers;OK;5,3;5339
01/10/2026 09:13:19;2026-10-01T07:13:19.540Z;Courses hippiques (PMU);OK;5,5;5541
01/10/2026 09:13:19;2026-10-01T07:13:19.540Z;Courses de lévriers;OK;3,5;3537
01/10/2026 09:25:18;2026-10-01T07:25:18.921Z;Courses hippiques (PMU);ECHEC;4,3;4327
01/10/2026 09:25:18;2026-10-01T07:25:18.921Z;Courses de lévriers;OK;4,6;4609
01/10/2026 09:37:18;2026-10-01T07:37:18.902Z;Courses hippiques (PMU);OK;4,8;4794
01/10/2026 09:37:18;2026-10-01T07:37:18.902Z;Courses de lévriers;OK;5,0;5028
01/10/2026 09:49:56;2026-10-01T07:49:56.341Z;Courses hippiques (PMU);OK;5,8;5805
01/10/2026 09:49:56;2026-10-01T07:49:56.341Z;Courses de lévriers;ECHEC;4,8;4822
01/10/2026 10:01:58;2026-10-01T08:01:58.058Z;Courses hippiques (PMU);OK;5,4;5388
01/10/2026 10:01:58;2026-10-01T08:01:58.058Z;Courses de lévriers;OK;7,2;7220
01/10/2026 10:13:29;2026-10-01T08:13:29.800Z;Courses hippiques (PMU);OK;6,5;6535
01/10/2026 10:13:29;2026-10-01T08:13:29.800Z;Courses de lévriers;OK;6,6;6631
01/10/2026 10:25:23;2026-10-01T08:25:23.779Z;Courses hippiques (PMU);OK;4,9;4930
01/10/2026 10:25:23;2026-10-01T08:25:23.779Z;Courses de lévriers;OK;6,1;6111
01/10/2026 10:37:52;2026-10-01T08:37:52.805Z;Courses hippiques (PMU);OK;4,7;4725
01/10/2026 10:37:52;2026-10-01T08:37:52.805Z;Courses de lévriers;OK;4,4;4414
01/10/2026 10:49:22;2026-10-01T08:49:22.936Z;Courses hippiques (PMU);OK;6,1;6076
01/10/2026 10:49:22;2026-10-01T08:49:22.936Z;Courses de lévriers;OK;5,5;5544
01/10/2026 11:02:01;2026-10-01T09:02:01.341Z;Courses hippiques (PMU);OK;4,6;4582
01/10/2026 11:02:01;2026-10-01T09:02:01.341Z;Courses de lévriers;OK;5,8;5763
01/10/2026 11:13:22;2026-10-01T09:13:22.011Z;Courses hippiques (PMU);OK;5,3;5290
01/10/2026 11:13:22;2026-10-01T09:13:22.011Z;Courses de lévriers;OK;6,0;5995
01/10/2026 11:25:21;2026-10-01T09:25:21.201Z;Courses hippiques (PMU);ECHEC;4,2;4207
01/10/2026 11:25:21;2026-10-01T09:25:21.201Z;Courses de lévriers;OK;4,9;4877
01/10/2026 11:37:32;2026-10-01T09:37:32.704Z;Courses hippiques (PMU);OK;5,4;5361
01/10/2026 11:37:32;2026-10-01T09:37:32.704Z;Courses de lévriers;OK;5,9;5912
01/10/2026 11:49:19;2026-10-01T09:49:19.973Z;Courses hippiques (PMU);OK;4,8;4804
01/10/2026 11:49:19;2026-10-01T09:49:19.973Z;Courses de lévriers;OK;4,2;4188
01/10/2026 12:01:44;2026-10-01T10:01:44.862Z;Courses hippiques (PMU);OK;4,0;4020
01/10/2026 12:01:44;2026-10-01T10:01:44.862Z;Courses de lévriers;OK;3,7;3677
01/10/2026 12:12:46;2026-10-01T10:12:46.129Z;Courses hippiques (PMU);OK;4,7;4713
01/10/2026 12:12:46;2026-10-01T10:12:46.129Z;Courses de lévriers;OK;5,6;5554
01/10/2026 12:25:27;2026-10-01T10:25:27.874Z;Courses hippiques (PMU);OK;6,5;6505
01/10/2026 12:25:27;2026-10-01T10:25:27.874Z;Courses de lévriers;OK;5,5;5483
01/10/2026 12:37:22;2026-10-01T10:37:22.767Z;Courses hippiques (PMU);ECHEC;6,2;6150
01/10/2026 12:37:22;2026-10-01T10:37:22.767Z;Courses de lévriers;OK;4,9;4881
01/10/2026 12:49:31;2026-10-01T10:49:31.231Z;Courses hippiques (PMU);OK;3,8;3787
01/10/2026 12:49:31;2026-10-01T10:49:31.231Z;Courses de lévriers;OK;3,5;3512
01/10/2026 13:02:42;2026-10-01T11:02:42.328Z;Courses hippiques (PMU);OK;5,1;5132
01/10/2026 13:02:42;2026-10-01T11:02:42.328Z;Courses de lévriers;OK;7,5;7539
01/10/2026 13:13:29;2026-10-01T11:13:29.609Z;Courses hippiques (PMU);OK;4,8;4846
01/10/2026 13:13:29;2026-10-01T11:13:29.609Z;Courses de lévriers;OK;6,8;6757
01/10/2026 13:25:33;2026-10-01T11:25:33.087Z;Courses hippiques (PMU);OK;4,9;4907
01/10/2026 13:25:33;2026-10-01T11:25:33.087Z;Courses de lévriers;OK;5,6;5608
01/10/2026 13:37:33;2026-10-01T11:37:33.533Z;Courses hippiques (PMU);OK;8,4;8432
01/10/2026 13:37:33;2026-10-01T11:37:33.533Z;Courses de lévriers;OK;5,8;5783
01/10/2026 13:49:32;2026-10-01T11:49:32.599Z;Courses hippiques (PMU);OK;5,1;5114
01/10/2026 13:49:32;2026-10-01T11:49:32.599Z;Courses de lévriers;OK;7,9;7871
01/10/2026 14:01:54;2026-10-01T12:01:54.948Z;Courses hippiques (PMU);OK;4,9;4880
01/10/2026 14:01:54;2026-10-01T12:01:54.948Z;Courses de lévriers;OK;5,4;5377
01/10/2026 14:13:23;2026-10-01T12:13:23.790Z;Courses hippiques (PMU);OK;6,3;6282
01/10/2026 14:13:23;2026-10-01T12:13:23.790Z;Courses de lévriers;OK;5,5;5474
01/10/2026 14:25:23;2026-10-01T12:25:23.342Z;Courses hippiques (PMU);OK;5,1;5133
01/10/2026 14:25:23;2026-10-01T12:25:23.342Z;Courses de lévriers;OK;7,7;7685
01/10/2026 14:37:48;2026-10-01T12:37:48.489Z;Courses hippiques (PMU);OK;4,0;3980
01/10/2026 14:37:48;2026-10-01T12:37:48.489Z;Courses de lévriers;OK;6,3;6328
01/10/2026 14:49:31;2026-10-01T12:49:31.893Z;Courses hippiques (PMU);OK;6,0;5971
01/10/2026 14:49:31;2026-10-01T12:49:31.893Z;Courses de lévriers;OK;5,5;5476
01/10/2026 15:01:51;2026-10-01T13:01:51.706Z;Courses hippiques (PMU);OK;4,9;4898
01/10/2026 15:01:51;2026-10-01T13:01:51.706Z;Courses de lévriers;OK;6,3;6338
01/10/2026 15:13:20;2026-10-01T13:13:20.533Z;Courses hippiques (PMU);OK;5,2;5244
01/10/2026 15:13:20;2026-10-01T13:13:20.533Z;Courses de lévriers;OK;5,7;5663
01/10/2026 15:25:55;2026-10-01T13:25:55.392Z;Courses hippiques (PMU);OK;4,6;4647
01/10/2026 15:25:55;2026-10-01T13:25:55.392Z;Courses de lévriers;OK;5,2;5173
01/10/2026 15:37:30;2026-10-01T13:37:30.962Z;Courses hippiques (PMU);OK;6,6;6649
01/10/2026 15:37:30;2026-10-01T13:37:30.962Z;Courses de lévriers;OK;9,0;9044
01/10/2026 15:49:20;2026-10-01T13:49:20.981Z;Courses hippiques (PMU);OK;5,3;5278
01/10/2026 15:49:20;2026-10-01T13:49:20.981Z;Courses de lévriers;OK;5,6;5562
01/10/2026 16:02:08;2026-10-01T14:02:08.613Z;Courses hippiques (PMU);ECHEC;5,2;5189
01/10/2026 16:02:08;2026-10-01T14:02:08.613Z;Courses de lévriers;OK;5,6;5596
01/10/2026 16:13:27;2026-10-01T14:13:27.549Z;Courses hippiques (PMU);OK;4,7;4711
01/10/2026 16:13:27;2026-10-01T14:13:27.549Z;Courses de lévriers;OK;4,6;4616
01/10/2026 16:25:29;2026-10-01T14:25:29.983Z;Courses hippiques (PMU);OK;5,3;5279
01/10/2026 16:25:29;2026-10-01T14:25:29.983Z;Courses de lévriers;OK;5,5;5484
01/10/2026 16:37:30;2026-10-01T14:37:30.941Z;Courses hippiques (PMU);OK;5,2;5226
01/10/2026 16:37:30;2026-10-01T14:37:30.941Z;Courses de lévriers;ECHEC;5,4;5380
01/10/2026 16:49:25;2026-10-01T14:49:25.970Z;Courses hippiques (PMU);OK;5,9;5907
01/10/2026 16:49:25;2026-10-01T14:49:25.970Z;Courses de lévriers;OK;5,7;5677
01/10/2026 17:02:08;2026-10-01T15:02:08.339Z;Courses hippiques (PMU);OK;6,0;5971
01/10/2026 17:02:08;2026-10-01T15:02:08.339Z;Courses de lévriers;OK;11,5;11516
01/10/2026 17:13:30;2026-10-01T15:13:30.121Z;Courses hippiques (PMU);OK;5,2;5184
01/10/2026 17:13:30;2026-10-01T15:13:30.121Z;Courses de lévriers;OK;7,3;7250
01/10/2026 17:28:06;2026-10-01T15:28:06.149Z;Courses hippiques (PMU);OK;5,4;5376
01/10/2026 17:28:06;2026-10-01T15:28:06.149Z;Courses de lévriers;OK;5,5;5538
01/10/2026 17:38:10;2026-10-01T15:38:10.992Z;Courses hippiques (PMU);OK;5,5;5470
01/10/2026 17:38:10;2026-10-01T15:38:10.992Z;Courses de lévriers;OK;5,8;5774
01/10/2026 17:49:35;2026-10-01T15:49:35.168Z;Courses hippiques (PMU);OK;5,0;5036
01/10/2026 17:49:35;2026-10-01T15:49:35.168Z;Courses de lévriers;OK;6,7;6688
01/10/2026 18:13:24;2026-10-01T16:13:24.915Z;Courses hippiques (PMU);OK;5,2;5214
01/10/2026 18:13:24;2026-10-01T16:13:24.915Z;Courses de lévriers;OK;6,8;6794
01/10/2026 18:26:05;2026-10-01T16:26:05.626Z;Courses hippiques (PMU);ECHEC;4,9;4859
01/10/2026 18:26:05;2026-10-01T16:26:05.626Z;Courses de lévriers;OK;5,7;5686
01/10/2026 18:45:29;2026-10-01T16:45:29.624Z;Courses hippiques (PMU);OK;6,3;6293
01/10/2026 18:45:29;2026-10-01T16:45:29.624Z;Courses de lévriers;OK;5,4;5372
01/10/2026 18:49:31;2026-10-01T16:49:31.517Z;Courses hippiques (PMU);OK;6,6;6562
01/10/2026 18:49:31;2026-10-01T16:49:31.517Z;Courses de lévriers;OK;5,6;5633
01/10/2026 19:04:43;2026-10-01T17:04:43.469Z;Courses hippiques (PMU);ECHEC;6,2;6161
01/10/2026 19:04:43;2026-10-01T17:04:43.469Z;Courses de lévriers;OK;6,6;6641
01/10/2026 19:17:05;2026-10-01T17:17:05.230Z;Courses hippiques (PMU);OK;4,9;4923
01/10/2026 19:17:05;2026-10-01T17:17:05.230Z;Courses de lévriers;OK;5,4;5400
01/10/2026 19:26:19;2026-10-01T17:26:19.466Z;Courses hippiques (PMU);OK;5,8;5790
01/10/2026 19:26:19;2026-10-01T17:26:19.466Z;Courses de lévriers;OK;5,5;5473
01/10/2026 19:37:21;2026-10-01T17:37:21.368Z;Courses hippiques (PMU);OK;5,2;5227
01/10/2026 19:37:21;2026-10-01T17:37:21.368Z;Courses de lévriers;OK;5,6;5587
01/10/2026 19:49:46;2026-10-01T17:49:46.721Z;Courses hippiques (PMU);OK;5,6;5614
01/10/2026 19:49:46;2026-10-01T17:49:46.721Z;Courses de lévriers;OK;5,3;5340
01/10/2026 20:01:54;2026-10-01T18:01:54.111Z;Courses hippiques (PMU);OK;4,3;4323
01/10/2026 20:01:54;2026-10-01T18:01:54.111Z;Courses de lévriers;OK;5,7;5650
01/10/2026 20:13:37;2026-10-01T18:13:37.637Z;Courses hippiques (PMU);OK;6,3;6300
01/10/2026 20:13:37;2026-10-01T18:13:37.637Z;Courses de lévriers;OK;5,8;5759
01/10/2026 20:25:27;2026-10-01T18:25:27.791Z;Courses hippiques (PMU);OK;7,1;7097
01/10/2026 20:25:27;2026-10-01T18:25:27.791Z;Courses de lévriers;OK;10,3;10321
01/10/2026 20:27:25;2026-10-01T18:27:25.986Z;Courses hippiques (PMU);OK;7,4;7380
01/10/2026 20:27:25;2026-10-01T18:27:25.986Z;Courses de lévriers;OK;8,2;8204
01/10/2026 20:37:23;2026-10-01T18:37:23.817Z;Courses hippiques (PMU);OK;7,6;7634
01/10/2026 20:37:23;2026-10-01T18:37:23.817Z;Courses de lévriers;OK;6,3;6341
01/10/2026 20:49:41;2026-10-01T18:49:41.595Z;Courses hippiques (PMU);OK;5,8;5817
01/10/2026 20:49:41;2026-10-01T18:49:41.595Z;Courses de lévriers;OK;6,4;6397
01/10/2026 21:02:27;2026-10-01T19:02:27.399Z;Courses hippiques (PMU);OK;6,5;6458
01/10/2026 21:02:27;2026-10-01T19:02:27.399Z;Courses de lévriers;OK;7,9;7942
01/10/2026 21:16:48;2026-10-01T19:16:48.412Z;Courses hippiques (PMU);OK;5,0;4962
01/10/2026 21:16:48;2026-10-01T19:16:48.412Z;Courses de lévriers;OK;5,4;5424
01/10/2026 21:25:24;2026-10-01T19:25:24.758Z;Courses hippiques (PMU);OK;5,8;5772
01/10/2026 21:25:24;2026-10-01T19:25:24.758Z;Courses de lévriers;OK;5,8;5822
01/10/2026 21:41:05;2026-10-01T19:41:05.895Z;Courses hippiques (PMU);OK;4,8;4770
01/10/2026 21:41:05;2026-10-01T19:41:05.895Z;Courses de lévriers;OK;5,4;5396
01/10/2026 21:49:23;2026-10-01T19:49:23.243Z;Courses hippiques (PMU);OK;5,2;5207
01/10/2026 21:49:23;2026-10-01T19:49:23.243Z;Courses de lévriers;OK;5,9;5856
01/10/2026 22:01:51;2026-10-01T20:01:51.692Z;Courses hippiques (PMU);OK;6,3;6338
01/10/2026 22:01:51;2026-10-01T20:01:51.692Z;Courses de lévriers;OK;3,6;3598
01/10/2026 22:17:08;2026-10-01T20:17:08.670Z;Courses hippiques (PMU);OK;5,0;5010
01/10/2026 22:17:08;2026-10-01T20:17:08.670Z;Courses de lévriers;OK;5,6;5577
01/10/2026 22:25:23;2026-10-01T20:25:23.895Z;Courses hippiques (PMU);OK;5,4;5363
01/10/2026 22:25:23;2026-10-01T20:25:23.895Z;Courses de lévriers;OK;6,8;6790
01/10/2026 22:37:20;2026-10-01T20:37:20.810Z;Courses hippiques (PMU);OK;5,2;5157
01/10/2026 22:37:20;2026-10-01T20:37:20.810Z;Courses de lévriers;OK;6,4;6446
01/10/2026 22:49:20;2026-10-01T20:49:20.867Z;Courses hippiques (PMU);OK;5,1;5108
01/10/2026 22:49:20;2026-10-01T20:49:20.867Z;Courses de lévriers;OK;6,5;6480
01/10/2026 23:07:15;2026-10-01T21:07:15.296Z;Courses hippiques (PMU);OK;5,0;4988
01/10/2026 23:07:15;2026-10-01T21:07:15.296Z;Courses de lévriers;OK;5,6;5630
01/10/2026 23:17:13;2026-10-01T21:17:13.536Z;Courses hippiques (PMU);OK;4,8;4780
01/10/2026 23:17:13;2026-10-01T21:17:13.536Z;Courses de lévriers;OK;5,9;5891
01/10/2026 23:25:23;2026-10-01T21:25:23.278Z;Courses hippiques (PMU);OK;5,4;5374
01/10/2026 23:25:23;2026-10-01T21:25:23.278Z;Courses de lévriers;OK;5,6;5571
01/10/2026 23:37:35;2026-10-01T21:37:35.572Z;Courses hippiques (PMU);OK;5,0;4993
01/10/2026 23:37:35;2026-10-01T21:37:35.572Z;Courses de lévriers;OK;5,5;5544
01/10/2026 23:49:26;2026-10-01T21:49:26.876Z;Courses hippiques (PMU);OK;5,0;5013
01/10/2026 23:49:26;2026-10-01T21:49:26.876Z;Courses de lévriers;OK;6,2;6193
02/10/2026 02:49:51;2026-10-02T00:49:51.764Z;Courses hippiques (PMU);OK;3,2;3170
02/10/2026 02:49:51;2026-10-02T00:49:51.764Z;Courses de lévriers;OK;2,0;1956
02/10/2026 08:01:45;2026-10-02T06:01:45.435Z;Courses hippiques (PMU);OK;2,2;2228
02/10/2026 08:01:45;2026-10-02T06:01:45.435Z;Courses de lévriers;OK;2,0;2024
02/10/2026 08:13:16;2026-10-02T06:13:16.575Z;Courses hippiques (PMU);OK;1,8;1821
02/10/2026 08:13:16;2026-10-02T06:13:16.575Z;Courses de lévriers;OK;2,5;2505
02/10/2026 08:25:21;2026-10-02T06:25:21.729Z;Courses hippiques (PMU);OK;1,8;1849
02/10/2026 08:25:21;2026-10-02T06:25:21.729Z;Courses de lévriers;OK;1,3;1261
02/10/2026 08:37:17;2026-10-02T06:37:17.781Z;Courses hippiques (PMU);ECHEC;5,8;5843
02/10/2026 08:37:17;2026-10-02T06:37:17.781Z;Courses de lévriers;OK;3,4;3403
02/10/2026 08:49:19;2026-10-02T06:49:19.279Z;Courses hippiques (PMU);OK;6,7;6744
02/10/2026 08:49:19;2026-10-02T06:49:19.279Z;Courses de lévriers;OK;4,4;4425
02/10/2026 09:01:49;2026-10-02T07:01:49.800Z;Courses hippiques (PMU);ECHEC;4,9;4902
02/10/2026 09:01:49;2026-10-02T07:01:49.800Z;Courses de lévriers;OK;7,3;7335
02/10/2026 09:13:24;2026-10-02T07:13:24.660Z;Courses hippiques (PMU);OK;6,3;6250
02/10/2026 09:13:24;2026-10-02T07:13:24.660Z;Courses de lévriers;OK;5,0;4975
02/10/2026 09:25:17;2026-10-02T07:25:17.880Z;Courses hippiques (PMU);OK;5,7;5744
02/10/2026 09:25:17;2026-10-02T07:25:17.880Z;Courses de lévriers;OK;4,6;4585
02/10/2026 09:37:33;2026-10-02T07:37:33.023Z;Courses hippiques (PMU);OK;5,3;5326
02/10/2026 09:37:33;2026-10-02T07:37:33.023Z;Courses de lévriers;OK;5,5;5510
02/10/2026 09:49:19;2026-10-02T07:49:19.341Z;Courses hippiques (PMU);OK;5,0;4964
02/10/2026 09:49:19;2026-10-02T07:49:19.341Z;Courses de lévriers;OK;4,8;4768
02/10/2026 10:01:47;2026-10-02T08:01:47.030Z;Courses hippiques (PMU);OK;5,1;5092
02/10/2026 10:01:47;2026-10-02T08:01:47.030Z;Courses de lévriers;OK;5,4;5397
02/10/2026 10:13:26;2026-10-02T08:13:26.836Z;Courses hippiques (PMU);ECHEC;6,1;6140
02/10/2026 10:13:26;2026-10-02T08:13:26.836Z;Courses de lévriers;OK;4,7;4742
02/10/2026 10:25:29;2026-10-02T08:25:29.994Z;Courses hippiques (PMU);OK;6,3;6337
02/10/2026 10:25:29;2026-10-02T08:25:29.994Z;Courses de lévriers;OK;5,9;5883
02/10/2026 10:37:22;2026-10-02T08:37:22.408Z;Courses hippiques (PMU);OK;5,3;5264
02/10/2026 10:37:22;2026-10-02T08:37:22.408Z;Courses de lévriers;OK;5,6;5642
02/10/2026 10:49:36;2026-10-02T08:49:36.796Z;Courses hippiques (PMU);OK;6,6;6609
02/10/2026 10:49:36;2026-10-02T08:49:36.796Z;Courses de lévriers;OK;5,3;5286
02/10/2026 11:01:53;2026-10-02T09:01:53.065Z;Courses hippiques (PMU);OK;4,6;4581
02/10/2026 11:01:53;2026-10-02T09:01:53.065Z;Courses de lévriers;OK;5,1;5098
02/10/2026 11:13:21;2026-10-02T09:13:21.083Z;Courses hippiques (PMU);OK;6,4;6398
02/10/2026 11:13:21;2026-10-02T09:13:21.083Z;Courses de lévriers;OK;5,5;5450
02/10/2026 11:25:19;2026-10-02T09:25:19.569Z;Courses hippiques (PMU);OK;5,7;5745
02/10/2026 11:25:19;2026-10-02T09:25:19.569Z;Courses de lévriers;OK;5,1;5145
02/10/2026 11:37:31;2026-10-02T09:37:31.659Z;Courses hippiques (PMU);OK;6,2;6227
02/10/2026 11:37:31;2026-10-02T09:37:31.659Z;Courses de lévriers;OK;5,8;5776
02/10/2026 11:49:17;2026-10-02T09:49:17.430Z;Courses hippiques (PMU);OK;4,3;4262
02/10/2026 11:49:17;2026-10-02T09:49:17.430Z;Courses de lévriers;OK;3,9;3907
02/10/2026 11:50:17;2026-10-02T09:50:17.305Z;Courses hippiques (PMU);OK;5,8;5842
02/10/2026 11:50:17;2026-10-02T09:50:17.305Z;Courses de lévriers;OK;5,5;5476
02/10/2026 12:01:59;2026-10-02T10:01:59.946Z;Courses hippiques (PMU);ECHEC;8,2;8223
02/10/2026 12:01:59;2026-10-02T10:01:59.946Z;Courses de lévriers;OK;5,3;5335
02/10/2026 12:13:20;2026-10-02T10:13:20.766Z;Courses hippiques (PMU);OK;4,9;4926
02/10/2026 12:13:20;2026-10-02T10:13:20.766Z;Courses de lévriers;OK;5,7;5670
02/10/2026 12:25:24;2026-10-02T10:25:24.858Z;Courses hippiques (PMU);OK;6,9;6872
02/10/2026 12:25:24;2026-10-02T10:25:24.858Z;Courses de lévriers;OK;5,0;4974
02/10/2026 12:37:24;2026-10-02T10:37:24.036Z;Courses hippiques (PMU);OK;5,1;5085
02/10/2026 12:37:24;2026-10-02T10:37:24.036Z;Courses de lévriers;OK;7,0;6952
02/10/2026 12:49:21;2026-10-02T10:49:21.760Z;Courses hippiques (PMU);OK;6,1;6128
02/10/2026 12:49:21;2026-10-02T10:49:21.760Z;Courses de lévriers;OK;5,3;5329
02/10/2026 13:02:00;2026-10-02T11:02:00.232Z;Courses hippiques (PMU);OK;8,6;8623
02/10/2026 13:02:00;2026-10-02T11:02:00.232Z;Courses de lévriers;OK;6,1;6136
02/10/2026 13:13:35;2026-10-02T11:13:35.420Z;Courses hippiques (PMU);OK;4,9;4883
02/10/2026 13:13:35;2026-10-02T11:13:35.420Z;Courses de lévriers;OK;6,5;6496
02/10/2026 13:25:18;2026-10-02T11:25:18.629Z;Courses hippiques (PMU);OK;5,8;5824
02/10/2026 13:25:18;2026-10-02T11:25:18.629Z;Courses de lévriers;OK;5,4;5365
02/10/2026 13:37:20;2026-10-02T11:37:20.801Z;Courses hippiques (PMU);OK;6,5;6477
02/10/2026 13:37:20;2026-10-02T11:37:20.801Z;Courses de lévriers;OK;4,8;4789
02/10/2026 13:49:23;2026-10-02T11:49:23.901Z;Courses hippiques (PMU);OK;7,0;6978
02/10/2026 13:49:23;2026-10-02T11:49:23.901Z;Courses de lévriers;OK;5,4;5353
02/10/2026 14:02:06;2026-10-02T12:02:06.193Z;Courses hippiques (PMU);OK;6,1;6140
02/10/2026 14:02:06;2026-10-02T12:02:06.193Z;Courses de lévriers;ECHEC;16,7;16682
02/10/2026 14:13:23;2026-10-02T12:13:23.718Z;Courses hippiques (PMU);OK;5,5;5461
02/10/2026 14:13:23;2026-10-02T12:13:23.718Z;Courses de lévriers;ECHEC;8,4;8398
02/10/2026 14:25:26;2026-10-02T12:25:26.758Z;Courses hippiques (PMU);OK;7,0;7022
02/10/2026 14:25:26;2026-10-02T12:25:26.758Z;Courses de lévriers;OK;6,7;6736
02/10/2026 14:37:21;2026-10-02T12:37:21.967Z;Courses hippiques (PMU);OK;5,6;5576
02/10/2026 14:37:21;2026-10-02T12:37:21.967Z;Courses de lévriers;OK;5,5;5520
02/10/2026 14:49:27;2026-10-02T12:49:27.747Z;Courses hippiques (PMU);OK;9,2;9220
02/10/2026 14:49:27;2026-10-02T12:49:27.747Z;Courses de lévriers;OK;5,3;5302
02/10/2026 15:01:57;2026-10-02T13:01:57.367Z;Courses hippiques (PMU);OK;6,0;6045
02/10/2026 15:01:57;2026-10-02T13:01:57.367Z;Courses de lévriers;OK;7,3;7291
02/10/2026 15:13:25;2026-10-02T13:13:25.778Z;Courses hippiques (PMU);OK;5,4;5380
02/10/2026 15:13:25;2026-10-02T13:13:25.778Z;Courses de lévriers;OK;6,0;5966
02/10/2026 15:25:34;2026-10-02T13:25:34.081Z;Courses hippiques (PMU);OK;6,2;6205
02/10/2026 15:25:34;2026-10-02T13:25:34.081Z;Courses de lévriers;OK;3,4;3415
02/10/2026 15:37:44;2026-10-02T13:37:44.403Z;Courses hippiques (PMU);OK;5,3;5282
02/10/2026 15:37:44;2026-10-02T13:37:44.403Z;Courses de lévriers;OK;5,3;5342
02/10/2026 15:49:27;2026-10-02T13:49:27.444Z;Courses hippiques (PMU);OK;6,3;6279
02/10/2026 15:49:27;2026-10-02T13:49:27.444Z;Courses de lévriers;OK;5,8;5809
02/10/2026 16:01:59;2026-10-02T14:01:59.069Z;Courses hippiques (PMU);OK;5,7;5659
02/10/2026 16:01:59;2026-10-02T14:01:59.069Z;Courses de lévriers;OK;5,7;5729
02/10/2026 16:13:24;2026-10-02T14:13:24.309Z;Courses hippiques (PMU);OK;5,7;5722
02/10/2026 16:13:24;2026-10-02T14:13:24.309Z;Courses de lévriers;OK;5,5;5498
02/10/2026 16:25:27;2026-10-02T14:25:27.370Z;Courses hippiques (PMU);OK;6,8;6809
02/10/2026 16:25:27;2026-10-02T14:25:27.370Z;Courses de lévriers;OK;5,6;5649
02/10/2026 16:37:24;2026-10-02T14:37:24.290Z;Courses hippiques (PMU);OK;5,8;5838
02/10/2026 16:37:24;2026-10-02T14:37:24.290Z;Courses de lévriers;OK;8,3;8333
02/10/2026 16:49:41;2026-10-02T14:49:41.595Z;Courses hippiques (PMU);OK;6,8;6844
02/10/2026 16:49:41;2026-10-02T14:49:41.595Z;Courses de lévriers;OK;6,8;6824
02/10/2026 17:01:57;2026-10-02T15:01:57.172Z;Courses hippiques (PMU);ECHEC;5,0;5022
02/10/2026 17:01:57;2026-10-02T15:01:57.172Z;Courses de lévriers;OK;5,6;5620
02/10/2026 17:13:31;2026-10-02T15:13:31.501Z;Courses hippiques (PMU);OK;13,7;13722
02/10/2026 17:13:31;2026-10-02T15:13:31.501Z;Courses de lévriers;OK;5,5;5492
02/10/2026 17:25:36;2026-10-02T15:25:36.423Z;Courses hippiques (PMU);OK;6,3;6333
02/10/2026 17:25:36;2026-10-02T15:25:36.423Z;Courses de lévriers;OK;5,7;5731
02/10/2026 17:37:20;2026-10-02T15:37:20.004Z;Courses hippiques (PMU);OK;5,2;5207
02/10/2026 17:37:20;2026-10-02T15:37:20.004Z;Courses de lévriers;OK;3,7;3712
02/10/2026 17:49:19;2026-10-02T15:49:19.700Z;Courses hippiques (PMU);OK;5,8;5823
02/10/2026 17:49:19;2026-10-02T15:49:19.700Z;Courses de lévriers;OK;3,5;3481
02/10/2026 18:03:32;2026-10-02T16:03:32.612Z;Courses hippiques (PMU);OK;7,4;7379
02/10/2026 18:03:32;2026-10-02T16:03:32.612Z;Courses de lévriers;OK;5,5;5460
02/10/2026 18:13:33;2026-10-02T16:13:33.665Z;Courses hippiques (PMU);OK;7,3;7349
02/10/2026 18:13:33;2026-10-02T16:13:33.665Z;Courses de lévriers;OK;5,8;5790
02/10/2026 18:25:38;2026-10-02T16:25:38.417Z;Courses hippiques (PMU);OK;5,1;5088
02/10/2026 18:25:38;2026-10-02T16:25:38.417Z;Courses de lévriers;OK;5,6;5575
02/10/2026 18:37:26;2026-10-02T16:37:26.302Z;Courses hippiques (PMU);OK;7,0;6975
02/10/2026 18:37:26;2026-10-02T16:37:26.302Z;Courses de lévriers;OK;7,7;7655
02/10/2026 18:49:30;2026-10-02T16:49:30.343Z;Courses hippiques (PMU);ECHEC;7,2;7233
02/10/2026 18:49:30;2026-10-02T16:49:30.343Z;Courses de lévriers;OK;8,0;7975
02/10/2026 19:02:03;2026-10-02T17:02:03.558Z;Courses hippiques (PMU);OK;6,2;6235
02/10/2026 19:02:03;2026-10-02T17:02:03.558Z;Courses de lévriers;OK;5,7;5734
02/10/2026 19:13:26;2026-10-02T17:13:26.250Z;Courses hippiques (PMU);OK;6,2;6207
02/10/2026 19:13:26;2026-10-02T17:13:26.250Z;Courses de lévriers;OK;7,4;7372
02/10/2026 19:25:30;2026-10-02T17:25:30.179Z;Courses hippiques (PMU);OK;5,0;4957
02/10/2026 19:25:30;2026-10-02T17:25:30.179Z;Courses de lévriers;OK;10,1;10139
02/10/2026 19:37:20;2026-10-02T17:37:20.270Z;Courses hippiques (PMU);OK;5,9;5949
02/10/2026 19:37:20;2026-10-02T17:37:20.270Z;Courses de lévriers;OK;5,5;5522
02/10/2026 19:49:24;2026-10-02T17:49:24.767Z;Courses hippiques (PMU);OK;5,0;5025
02/10/2026 19:49:24;2026-10-02T17:49:24.767Z;Courses de lévriers;OK;5,5;5503
02/10/2026 19:54:00;2026-10-02T17:54:00.027Z;Courses hippiques (PMU);ECHEC;5,2;5154
02/10/2026 19:54:00;2026-10-02T17:54:00.027Z;Courses de lévriers;OK;6,4;6396
02/10/2026 20:01:53;2026-10-02T18:01:53.860Z;Courses hippiques (PMU);ECHEC;6,0;6001
02/10/2026 20:01:53;2026-10-02T18:01:53.860Z;Courses de lévriers;OK;5,6;5579
02/10/2026 20:13:22;2026-10-02T18:13:22.199Z;Courses hippiques (PMU);OK;7,0;6993
02/10/2026 20:13:22;2026-10-02T18:13:22.199Z;Courses de lévriers;OK;5,5;5482
02/10/2026 20:25:33;2026-10-02T18:25:33.181Z;Courses hippiques (PMU);OK;8,2;8157
02/10/2026 20:25:33;2026-10-02T18:25:33.181Z;Courses de lévriers;OK;12,8;12781
02/10/2026 20:37:32;2026-10-02T18:37:32.626Z;Courses hippiques (PMU);OK;7,3;7317
02/10/2026 20:37:32;2026-10-02T18:37:32.626Z;Courses de lévriers;OK;6,0;6008
02/10/2026 20:49:30;2026-10-02T18:49:30.016Z;Courses hippiques (PMU);OK;5,6;5579
02/10/2026 20:49:30;2026-10-02T18:49:30.016Z;Courses de lévriers;OK;8,7;8725
02/10/2026 21:01:56;2026-10-02T19:01:56.698Z;Courses hippiques (PMU);OK;7,2;7161
02/10/2026 21:01:56;2026-10-02T19:01:56.698Z;Courses de lévriers;OK;5,7;5691
02/10/2026 21:13:19;2026-10-02T19:13:19.326Z;Courses hippiques (PMU);OK;4,2;4187
02/10/2026 21:13:19;2026-10-02T19:13:19.326Z;Courses de lévriers;OK;4,8;4792
02/10/2026 21:25:25;2026-10-02T19:25:25.451Z;Courses hippiques (PMU);ECHEC;4,9;4865
02/10/2026 21:25:25;2026-10-02T19:25:25.451Z;Courses de lévriers;OK;5,5;5485
02/10/2026 21:37:23;2026-10-02T19:37:23.148Z;Courses hippiques (PMU);OK;8,4;8408
02/10/2026 21:37:23;2026-10-02T19:37:23.148Z;Courses de lévriers;OK;6,5;6494
02/10/2026 21:49:24;2026-10-02T19:49:24.146Z;Courses hippiques (PMU);OK;5,5;5499
02/10/2026 21:49:24;2026-10-02T19:49:24.146Z;Courses de lévriers;OK;6,3;6316
02/10/2026 22:01:46;2026-10-02T20:01:46.115Z;Courses hippiques (PMU);OK;5,7;5688
02/10/2026 22:01:46;2026-10-02T20:01:46.115Z;Courses de lévriers;ECHEC;2,7;2743
02/10/2026 22:13:36;2026-10-02T20:13:36.364Z;Courses hippiques (PMU);OK;6,9;6860
02/10/2026 22:13:36;2026-10-02T20:13:36.364Z;Courses de lévriers;OK;4,1;4123
02/10/2026 22:25:35;2026-10-02T20:25:35.194Z;Courses hippiques (PMU);OK;7,8;7826
02/10/2026 22:25:35;2026-10-02T20:25:35.194Z;Courses de lévriers;OK;6,3;6310
02/10/2026 22:37:30;2026-10-02T20:37:30.334Z;Courses hippiques (PMU);OK;6,1;6138
02/10/2026 22:37:30;2026-10-02T20:37:30.334Z;Courses de lévriers;OK;5,8;5755
02/10/2026 22:49:42;2026-10-02T20:49:42.215Z;Courses hippiques (PMU);OK;6,2;6158
02/10/2026 22:49:42;2026-10-02T20:49:42.215Z;Courses de lévriers;OK;8,8;8839
02/10/2026 23:01:50;2026-10-02T21:01:50.683Z;Courses hippiques (PMU);OK;6,5;6450
02/10/2026 23:01:50;2026-10-02T21:01:50.683Z;Courses de lévriers;OK;5,7;5665
02/10/2026 23:13:21;2026-10-02T21:13:21.340Z;Courses hippiques (PMU);OK;6,2;6185
02/10/2026 23:13:21;2026-10-02T21:13:21.340Z;Courses de lévriers;OK;5,8;5845
02/10/2026 23:25:33;2026-10-02T21:25:33.656Z;Courses hippiques (PMU);OK;5,9;5897
02/10/2026 23:25:33;2026-10-02T21:25:33.656Z;Courses de lévriers;OK;8,0;8012
02/10/2026 23:37:21;2026-10-02T21:37:21.706Z;Courses hippiques (PMU);OK;5,2;5164
02/10/2026 23:37:21;2026-10-02T21:37:21.706Z;Courses de lévriers;OK;5,6;5576
03/10/2026 00:17:19;2026-10-02T22:17:19.720Z;Courses hippiques (PMU);OK;1,9;1858
03/10/2026 00:17:19;2026-10-02T22:17:19.720Z;Courses de lévriers;OK;1,4;1387
03/10/2026 07:22:25;2026-10-03T05:22:25.276Z;Courses hippiques (PMU);OK;1,7;1735
03/10/2026 07:22:25;2026-10-03T05:22:25.276Z;Courses de lévriers;OK;1,2;1151
03/10/2026 08:01:35;2026-10-03T06:01:35.046Z;Courses hippiques (PMU);OK;2,0;2018
03/10/2026 08:01:35;2026-10-03T06:01:35.046Z;Courses de lévriers;OK;1,2;1200
03/10/2026 08:13:14;2026-10-03T06:13:14.795Z;Courses hippiques (PMU);OK;3,0;2959
03/10/2026 08:13:14;2026-10-03T06:13:14.795Z;Courses de lévriers;OK;2,3;2296
03/10/2026 08:25:30;2026-10-03T06:25:30.517Z;Courses hippiques (PMU);OK;1,9;1928
03/10/2026 08:25:30;2026-10-03T06:25:30.517Z;Courses de lévriers;OK;1,8;1828
03/10/2026 08:37:33;2026-10-03T06:37:33.994Z;Courses hippiques (PMU);ECHEC;6,1;6077
03/10/2026 08:37:33;2026-10-03T06:37:33.994Z;Courses de lévriers;OK;6,1;6082
03/10/2026 08:49:16;2026-10-03T06:49:16.992Z;Courses hippiques (PMU);OK;7,9;7908
03/10/2026 08:49:16;2026-10-03T06:49:16.992Z;Courses de lévriers;OK;4,5;4494
03/10/2026 09:01:51;2026-10-03T07:01:51.677Z;Courses hippiques (PMU);OK;5,1;5105
03/10/2026 09:01:51;2026-10-03T07:01:51.677Z;Courses de lévriers;OK;5,6;5575
03/10/2026 09:13:22;2026-10-03T07:13:22.247Z;Courses hippiques (PMU);OK;6,8;6816
03/10/2026 09:13:22;2026-10-03T07:13:22.247Z;Courses de lévriers;OK;5,5;5464
03/10/2026 09:25:23;2026-10-03T07:25:23.296Z;Courses hippiques (PMU);OK;6,0;6032
03/10/2026 09:25:23;2026-10-03T07:25:23.296Z;Courses de lévriers;OK;5,5;5549
03/10/2026 09:37:57;2026-10-03T07:37:57.234Z;Courses hippiques (PMU);OK;6,0;5993
03/10/2026 09:37:57;2026-10-03T07:37:57.234Z;Courses de lévriers;OK;4,9;4910
03/10/2026 09:49:16;2026-10-03T07:49:16.530Z;Courses hippiques (PMU);OK;5,2;5171
03/10/2026 09:49:16;2026-10-03T07:49:16.530Z;Courses de lévriers;OK;3,9;3870
03/10/2026 10:01:52;2026-10-03T08:01:52.391Z;Courses hippiques (PMU);OK;5,1;5075
03/10/2026 10:01:52;2026-10-03T08:01:52.391Z;Courses de lévriers;OK;4,4;4351
03/10/2026 10:13:27;2026-10-03T08:13:27.724Z;Courses hippiques (PMU);OK;5,9;5884
03/10/2026 10:13:27;2026-10-03T08:13:27.724Z;Courses de lévriers;OK;6,5;6535
03/10/2026 10:25:32;2026-10-03T08:25:32.483Z;Courses hippiques (PMU);OK;6,8;6803
03/10/2026 10:25:32;2026-10-03T08:25:32.483Z;Courses de lévriers;OK;5,7;5671
03/10/2026 10:37:18;2026-10-03T08:37:18.851Z;Courses hippiques (PMU);OK;4,9;4883
03/10/2026 10:37:18;2026-10-03T08:37:18.851Z;Courses de lévriers;OK;4,4;4449
03/10/2026 10:49:26;2026-10-03T08:49:26.839Z;Courses hippiques (PMU);OK;8,8;8811
03/10/2026 10:49:26;2026-10-03T08:49:26.839Z;Courses de lévriers;OK;5,8;5770
03/10/2026 11:01:51;2026-10-03T09:01:51.098Z;Courses hippiques (PMU);OK;6,6;6573
03/10/2026 11:01:51;2026-10-03T09:01:51.098Z;Courses de lévriers;OK;6,3;6346
03/10/2026 11:13:35;2026-10-03T09:13:35.563Z;Courses hippiques (PMU);ECHEC;15,0;15047
03/10/2026 11:13:35;2026-10-03T09:13:35.563Z;Courses de lévriers;OK;8,9;8910
03/10/2026 11:25:23;2026-10-03T09:25:23.956Z;Courses hippiques (PMU);ECHEC;4,9;4907
03/10/2026 11:25:23;2026-10-03T09:25:23.956Z;Courses de lévriers;OK;5,7;5677
03/10/2026 11:37:37;2026-10-03T09:37:37.341Z;Courses hippiques (PMU);OK;8,5;8490
03/10/2026 11:37:37;2026-10-03T09:37:37.341Z;Courses de lévriers;OK;6,0;5975
03/10/2026 11:49:23;2026-10-03T09:49:23.104Z;Courses hippiques (PMU);OK;7,8;7810
03/10/2026 11:49:23;2026-10-03T09:49:23.104Z;Courses de lévriers;OK;4,4;4391
03/10/2026 12:02:06;2026-10-03T10:02:06.299Z;Courses hippiques (PMU);OK;6,3;6320
03/10/2026 12:02:06;2026-10-03T10:02:06.299Z;Courses de lévriers;OK;12,3;12297
03/10/2026 12:13:22;2026-10-03T10:13:22.159Z;Courses hippiques (PMU);OK;6,3;6340
03/10/2026 12:13:22;2026-10-03T10:13:22.159Z;Courses de lévriers;OK;4,4;4394
03/10/2026 12:25:24;2026-10-03T10:25:24.695Z;Courses hippiques (PMU);OK;6,3;6339
03/10/2026 12:25:24;2026-10-03T10:25:24.695Z;Courses de lévriers;OK;6,8;6796
03/10/2026 12:37:56;2026-10-03T10:37:56.700Z;Courses hippiques (PMU);OK;5,2;5171
03/10/2026 12:37:56;2026-10-03T10:37:56.700Z;Courses de lévriers;OK;7,5;7464
03/10/2026 12:49:22;2026-10-03T10:49:22.954Z;Courses hippiques (PMU);ECHEC;5,4;5430
03/10/2026 12:49:22;2026-10-03T10:49:22.954Z;Courses de lévriers;OK;5,8;5823
03/10/2026 13:01:56;2026-10-03T11:01:56.871Z;Courses hippiques (PMU);OK;6,6;6553
03/10/2026 13:01:56;2026-10-03T11:01:56.871Z;Courses de lévriers;OK;6,2;6196
03/10/2026 13:13:23;2026-10-03T11:13:23.797Z;Courses hippiques (PMU);OK;4,8;4785
03/10/2026 13:13:23;2026-10-03T11:13:23.797Z;Courses de lévriers;OK;6,4;6351
03/10/2026 13:25:29;2026-10-03T11:25:29.794Z;Courses hippiques (PMU);OK;7,9;7898
03/10/2026 13:25:29;2026-10-03T11:25:29.794Z;Courses de lévriers;OK;9,4;9368
03/10/2026 13:37:15;2026-10-03T11:37:15.829Z;Courses hippiques (PMU);OK;4,5;4466
03/10/2026 13:37:15;2026-10-03T11:37:15.829Z;Courses de lévriers;OK;4,3;4291
03/10/2026 13:43:28;2026-10-03T11:43:28.210Z;Courses hippiques (PMU);ECHEC;8,5;8544
03/10/2026 13:43:28;2026-10-03T11:43:28.210Z;Courses de lévriers;OK;3,8;3824
03/10/2026 13:49:20;2026-10-03T11:49:20.603Z;Courses hippiques (PMU);OK;5,7;5690
03/10/2026 13:49:20;2026-10-03T11:49:20.603Z;Courses de lévriers;OK;5,7;5667
03/10/2026 14:02:05;2026-10-03T12:02:05.366Z;Courses hippiques (PMU);OK;6,1;6054
03/10/2026 14:02:05;2026-10-03T12:02:05.366Z;Courses de lévriers;OK;9,0;9024
03/10/2026 14:13:26;2026-10-03T12:13:26.758Z;Courses hippiques (PMU);OK;7,2;7193
03/10/2026 14:13:26;2026-10-03T12:13:26.758Z;Courses de lévriers;OK;12,3;12253
03/10/2026 14:25:24;2026-10-03T12:25:24.304Z;Courses hippiques (PMU);OK;5,8;5774
03/10/2026 14:25:24;2026-10-03T12:25:24.304Z;Courses de lévriers;OK;5,1;5084
03/10/2026 14:37:24;2026-10-03T12:37:24.925Z;Courses hippiques (PMU);OK;9,5;9461
03/10/2026 14:37:24;2026-10-03T12:37:24.925Z;Courses de lévriers;OK;5,4;5419
03/10/2026 14:49:23;2026-10-03T12:49:23.119Z;Courses hippiques (PMU);OK;7,0;7005
03/10/2026 14:49:23;2026-10-03T12:49:23.119Z;Courses de lévriers;OK;8,5;8523
03/10/2026 15:01:40;2026-10-03T13:01:40.208Z;Courses hippiques (PMU);OK;4,6;4564
03/10/2026 15:01:40;2026-10-03T13:01:40.208Z;Courses de lévriers;OK;4,2;4170
03/10/2026 15:13:27;2026-10-03T13:13:27.293Z;Courses hippiques (PMU);OK;6,2;6221
03/10/2026 15:13:27;2026-10-03T13:13:27.293Z;Courses de lévriers;OK;10,8;10805
03/10/2026 15:25:20;2026-10-03T13:25:20.134Z;Courses hippiques (PMU);OK;5,5;5477
03/10/2026 15:25:20;2026-10-03T13:25:20.134Z;Courses de lévriers;OK;4,6;4551
03/10/2026 15:37:28;2026-10-03T13:37:28.848Z;Courses hippiques (PMU);OK;10,3;10253
03/10/2026 15:37:28;2026-10-03T13:37:28.848Z;Courses de lévriers;OK;5,5;5469
03/10/2026 15:49:25;2026-10-03T13:49:25.408Z;Courses hippiques (PMU);OK;7,0;7044
03/10/2026 15:49:25;2026-10-03T13:49:25.408Z;Courses de lévriers;OK;4,9;4883
03/10/2026 16:02:05;2026-10-03T14:02:05.931Z;Courses hippiques (PMU);ECHEC;6,0;5950
03/10/2026 16:02:05;2026-10-03T14:02:05.931Z;Courses de lévriers;OK;4,6;4612
03/10/2026 16:13:26;2026-10-03T14:13:26.456Z;Courses hippiques (PMU);OK;7,0;6995
03/10/2026 16:13:26;2026-10-03T14:13:26.456Z;Courses de lévriers;OK;9,4;9354
03/10/2026 16:28:41;2026-10-03T14:28:41.986Z;Courses hippiques (PMU);OK;7,7;7666
03/10/2026 16:28:41;2026-10-03T14:28:41.986Z;Courses de lévriers;OK;7,3;7350
03/10/2026 16:38:03;2026-10-03T14:38:03.891Z;Courses hippiques (PMU);ECHEC;4,9;4915
03/10/2026 16:38:03;2026-10-03T14:38:03.891Z;Courses de lévriers;OK;5,7;5656
03/10/2026 16:49:29;2026-10-03T14:49:29.968Z;Courses hippiques (PMU);OK;5,8;5777
03/10/2026 16:49:29;2026-10-03T14:49:29.968Z;Courses de lévriers;OK;11,7;11665
03/10/2026 17:01:56;2026-10-03T15:01:56.681Z;Courses hippiques (PMU);OK;9,9;9941
03/10/2026 17:01:56;2026-10-03T15:01:56.681Z;Courses de lévriers;OK;5,6;5644
03/10/2026 17:13:17;2026-10-03T15:13:17.181Z;Courses hippiques (PMU);OK;5,0;4998
03/10/2026 17:13:17;2026-10-03T15:13:17.181Z;Courses de lévriers;OK;4,4;4412
03/10/2026 17:25:27;2026-10-03T15:25:27.118Z;Courses hippiques (PMU);OK;6,0;5973
03/10/2026 17:25:27;2026-10-03T15:25:27.118Z;Courses de lévriers;OK;5,2;5236
03/10/2026 17:37:27;2026-10-03T15:37:27.162Z;Courses hippiques (PMU);OK;7,7;7723
03/10/2026 17:37:27;2026-10-03T15:37:27.162Z;Courses de lévriers;OK;10,9;10882
03/10/2026 17:49:22;2026-10-03T15:49:22.702Z;Courses hippiques (PMU);OK;10,3;10257
03/10/2026 17:49:22;2026-10-03T15:49:22.702Z;Courses de lévriers;OK;4,6;4633
03/10/2026 18:02:15;2026-10-03T16:02:15.167Z;Courses hippiques (PMU);OK;9,4;9443
03/10/2026 18:02:15;2026-10-03T16:02:15.167Z;Courses de lévriers;OK;9,9;9877
03/10/2026 18:13:21;2026-10-03T16:13:21.329Z;Courses hippiques (PMU);ECHEC;7,8;7794
03/10/2026 18:13:21;2026-10-03T16:13:21.329Z;Courses de lévriers;OK;5,3;5301
03/10/2026 18:20:46;2026-10-03T16:20:46.133Z;Courses hippiques (PMU);OK;5,0;5016
03/10/2026 18:20:46;2026-10-03T16:20:46.133Z;Courses de lévriers;OK;5,6;5561
03/10/2026 18:25:30;2026-10-03T16:25:30.443Z;Courses hippiques (PMU);OK;5,2;5231
03/10/2026 18:25:30;2026-10-03T16:25:30.443Z;Courses de lévriers;OK;3,5;3499
03/10/2026 18:37:23;2026-10-03T16:37:23.157Z;Courses hippiques (PMU);OK;7,0;6971
03/10/2026 18:37:23;2026-10-03T16:37:23.157Z;Courses de lévriers;OK;4,7;4743
03/10/2026 18:49:12;2026-10-03T16:49:12.797Z;Courses hippiques (PMU);ECHEC;4,0;4003
03/10/2026 18:49:12;2026-10-03T16:49:12.797Z;Courses de lévriers;OK;4,5;4489
03/10/2026 19:02:05;2026-10-03T17:02:05.909Z;Courses hippiques (PMU);OK;8,3;8287
03/10/2026 19:02:05;2026-10-03T17:02:05.909Z;Courses de lévriers;OK;10,0;9978
03/10/2026 19:13:29;2026-10-03T17:13:29.377Z;Courses hippiques (PMU);OK;5,1;5075
03/10/2026 19:13:29;2026-10-03T17:13:29.377Z;Courses de lévriers;OK;5,3;5321
03/10/2026 19:25:27;2026-10-03T17:25:27.637Z;Courses hippiques (PMU);ECHEC;6,5;6505
03/10/2026 19:25:27;2026-10-03T17:25:27.637Z;Courses de lévriers;OK;5,5;5547
03/10/2026 19:37:30;2026-10-03T17:37:30.473Z;Courses hippiques (PMU);OK;6,7;6661
03/10/2026 19:37:30;2026-10-03T17:37:30.473Z;Courses de lévriers;OK;6,8;6834
03/10/2026 19:49:31;2026-10-03T17:49:31.134Z;Courses hippiques (PMU);OK;5,9;5947
03/10/2026 19:49:31;2026-10-03T17:49:31.134Z;Courses de lévriers;ECHEC;5,5;5521
03/10/2026 20:01:53;2026-10-03T18:01:53.996Z;Courses hippiques (PMU);OK;5,8;5826
03/10/2026 20:01:53;2026-10-03T18:01:53.996Z;Courses de lévriers;ECHEC;6,8;6773
03/10/2026 20:13:44;2026-10-03T18:13:44.264Z;Courses hippiques (PMU);ECHEC;30,0;30003
03/10/2026 20:13:44;2026-10-03T18:13:44.264Z;Courses de lévriers;OK;6,2;6198
03/10/2026 20:25:30;2026-10-03T18:25:30.834Z;Courses hippiques (PMU);OK;12,2;12171
03/10/2026 20:25:30;2026-10-03T18:25:30.834Z;Courses de lévriers;OK;7,0;6952
03/10/2026 20:37:19;2026-10-03T18:37:19.626Z;Courses hippiques (PMU);OK;4,7;4687
03/10/2026 20:37:19;2026-10-03T18:37:19.626Z;Courses de lévriers;OK;6,1;6095
03/10/2026 20:49:24;2026-10-03T18:49:24.197Z;Courses hippiques (PMU);OK;6,9;6936
03/10/2026 20:49:24;2026-10-03T18:49:24.197Z;Courses de lévriers;OK;5,5;5543
03/10/2026 21:02:24;2026-10-03T19:02:24.259Z;Courses hippiques (PMU);OK;5,0;5026
03/10/2026 21:02:24;2026-10-03T19:02:24.259Z;Courses de lévriers;OK;6,5;6495
03/10/2026 21:13:22;2026-10-03T19:13:22.005Z;Courses hippiques (PMU);OK;5,7;5668
03/10/2026 21:13:22;2026-10-03T19:13:22.005Z;Courses de lévriers;OK;6,0;5976
03/10/2026 21:25:25;2026-10-03T19:25:25.165Z;Courses hippiques (PMU);OK;5,6;5593
03/10/2026 21:25:25;2026-10-03T19:25:25.165Z;Courses de lévriers;OK;5,7;5680
03/10/2026 21:37:30;2026-10-03T19:37:30.913Z;Courses hippiques (PMU);OK;6,1;6055
03/10/2026 21:37:30;2026-10-03T19:37:30.913Z;Courses de lévriers;OK;4,4;4448
03/10/2026 21:49:30;2026-10-03T19:49:30.629Z;Courses hippiques (PMU);OK;5,4;5367
03/10/2026 21:49:30;2026-10-03T19:49:30.629Z;Courses de lévriers;OK;5,3;5316
03/10/2026 22:01:53;2026-10-03T20:01:53.203Z;Courses hippiques (PMU);OK;6,3;6266
03/10/2026 22:01:53;2026-10-03T20:01:53.203Z;Courses de lévriers;OK;6,4;6445
03/10/2026 22:13:15;2026-10-03T20:13:15.260Z;Courses hippiques (PMU);OK;6,1;6099
03/10/2026 22:13:15;2026-10-03T20:13:15.260Z;Courses de lévriers;ECHEC;5,3;5302
03/10/2026 22:25:18;2026-10-03T20:25:18.725Z;Courses hippiques (PMU);OK;5,1;5093
03/10/2026 22:25:18;2026-10-03T20:25:18.725Z;Courses de lévriers;ECHEC;4,6;4624
03/10/2026 22:37:21;2026-10-03T20:37:21.640Z;Courses hippiques (PMU);OK;8,0;8013
03/10/2026 22:37:21;2026-10-03T20:37:21.640Z;Courses de lévriers;OK;5,4;5373
03/10/2026 22:49:27;2026-10-03T20:49:27.688Z;Courses hippiques (PMU);ECHEC;11,0;10981
03/10/2026 22:49:27;2026-10-03T20:49:27.688Z;Courses de lévriers;OK;5,5;5488
03/10/2026 23:01:56;2026-10-03T21:01:56.747Z;Courses hippiques (PMU);OK;5,7;5656
03/10/2026 23:01:56;2026-10-03T21:01:56.747Z;Courses de lévriers;ECHEC;10,5;10482
03/10/2026 23:14:32;2026-10-03T21:14:32.918Z;Courses hippiques (PMU);ECHEC;11,4;11423
03/10/2026 23:14:32;2026-10-03T21:14:32.918Z;Courses de lévriers;OK;5,4;5376
03/10/2026 23:21:09;2026-10-03T21:21:09.824Z;Courses hippiques (PMU);OK;13,3;13326
03/10/2026 23:21:09;2026-10-03T21:21:09.824Z;Courses de lévriers;OK;5,5;5492
03/10/2026 23:25:26;2026-10-03T21:25:26.098Z;Courses hippiques (PMU);ECHEC;5,8;5764
03/10/2026 23:25:26;2026-10-03T21:25:26.098Z;Courses de lévriers;OK;3,6;3625
03/10/2026 23:37:18;2026-10-03T21:37:18.573Z;Courses hippiques (PMU);OK;5,3;5272
03/10/2026 23:37:18;2026-10-03T21:37:18.573Z;Courses de lévriers;ECHEC;4,4;4426
03/10/2026 23:57:24;2026-10-03T21:57:24.202Z;Courses hippiques (PMU);ECHEC;5,4;5373
03/10/2026 23:57:24;2026-10-03T21:57:24.202Z;Courses de lévriers;ECHEC;5,7;5661
04/10/2026 07:58:39;2026-10-04T05:58:39.938Z;Courses hippiques (PMU);OK;2,4;2397
04/10/2026 07:58:39;2026-10-04T05:58:39.938Z;Courses de lévriers;OK;2,6;2631
04/10/2026 08:01:57;2026-10-04T06:01:57.181Z;Courses hippiques (PMU);OK;2,8;2844
04/10/2026 08:01:57;2026-10-04T06:01:57.181Z;Courses de lévriers;OK;2,2;2189
04/10/2026 08:13:10;2026-10-04T06:13:10.650Z;Courses hippiques (PMU);OK;1,8;1787
04/10/2026 08:13:10;2026-10-04T06:13:10.650Z;Courses de lévriers;OK;1,5;1470
04/10/2026 08:25:24;2026-10-04T06:25:24.479Z;Courses hippiques (PMU);OK;2,1;2134
04/10/2026 08:25:24;2026-10-04T06:25:24.479Z;Courses de lévriers;OK;1,4;1392
04/10/2026 08:37:17;2026-10-04T06:37:17.591Z;Courses hippiques (PMU);OK;5,3;5330
04/10/2026 08:37:17;2026-10-04T06:37:17.591Z;Courses de lévriers;OK;4,5;4505
04/10/2026 08:49:30;2026-10-04T06:49:30.529Z;Courses hippiques (PMU);OK;6,6;6643
04/10/2026 08:49:30;2026-10-04T06:49:30.529Z;Courses de lévriers;OK;7,7;7744
04/10/2026 09:01:47;2026-10-04T07:01:47.085Z;Courses hippiques (PMU);OK;4,1;4051
04/10/2026 09:01:47;2026-10-04T07:01:47.085Z;Courses de lévriers;OK;4,8;4831
04/10/2026 09:13:20;2026-10-04T07:13:20.171Z;Courses hippiques (PMU);OK;4,2;4241
04/10/2026 09:13:20;2026-10-04T07:13:20.171Z;Courses de lévriers;OK;6,7;6732
04/10/2026 09:25:22;2026-10-04T07:25:22.277Z;Courses hippiques (PMU);OK;4,9;4930
04/10/2026 09:25:22;2026-10-04T07:25:22.277Z;Courses de lévriers;OK;6,6;6641
04/10/2026 09:37:22;2026-10-04T07:37:22.573Z;Courses hippiques (PMU);OK;8,8;8785
04/10/2026 09:37:22;2026-10-04T07:37:22.573Z;Courses de lévriers;ECHEC;4,7;4689
04/10/2026 09:49:22;2026-10-04T07:49:22.137Z;Courses hippiques (PMU);ECHEC;5,9;5934
04/10/2026 09:49:22;2026-10-04T07:49:22.137Z;Courses de lévriers;OK;5,3;5292
04/10/2026 10:01:49;2026-10-04T08:01:49.026Z;Courses hippiques (PMU);OK;7,5;7463
04/10/2026 10:01:49;2026-10-04T08:01:49.026Z;Courses de lévriers;OK;5,5;5548
04/10/2026 10:13:25;2026-10-04T08:13:25.798Z;Courses hippiques (PMU);ECHEC;9,0;8998
04/10/2026 10:13:25;2026-10-04T08:13:25.798Z;Courses de lévriers;OK;6,5;6478
04/10/2026 10:25:24;2026-10-04T08:25:24.918Z;Courses hippiques (PMU);OK;3,9;3915
04/10/2026 10:25:24;2026-10-04T08:25:24.918Z;Courses de lévriers;OK;11,7;11665
04/10/2026 10:37:19;2026-10-04T08:37:19.029Z;Courses hippiques (PMU);OK;5,6;5586
04/10/2026 10:37:19;2026-10-04T08:37:19.029Z;Courses de lévriers;OK;5,0;5034
04/10/2026 10:49:21;2026-10-04T08:49:21.778Z;Courses hippiques (PMU);ECHEC;7,2;7190
04/10/2026 10:49:21;2026-10-04T08:49:21.778Z;Courses de lévriers;OK;4,6;4627
04/10/2026 11:01:58;2026-10-04T09:01:58.485Z;Courses hippiques (PMU);ECHEC;4,9;4859
04/10/2026 11:01:58;2026-10-04T09:01:58.485Z;Courses de lévriers;OK;4,7;4668
04/10/2026 11:13:28;2026-10-04T09:13:28.534Z;Courses hippiques (PMU);ECHEC;5,1;5115
04/10/2026 11:13:28;2026-10-04T09:13:28.534Z;Courses de lévriers;OK;6,1;6079
04/10/2026 11:25:13;2026-10-04T09:25:13.429Z;Courses hippiques (PMU);ECHEC;5,0;4958
04/10/2026 11:25:13;2026-10-04T09:25:13.429Z;Courses de lévriers;OK;4,3;4329
04/10/2026 11:37:28;2026-10-04T09:37:28.184Z;Courses hippiques (PMU);ECHEC;5,0;4991
04/10/2026 11:37:28;2026-10-04T09:37:28.184Z;Courses de lévriers;ECHEC;5,1;5066
04/10/2026 11:49:41;2026-10-04T09:49:41.157Z;Courses hippiques (PMU);ECHEC;20,8;20766
04/10/2026 11:49:41;2026-10-04T09:49:41.157Z;Courses de lévriers;OK;14,5;14473
04/10/2026 12:02:04;2026-10-04T10:02:04.395Z;Courses hippiques (PMU);OK;8,5;8468
04/10/2026 12:02:04;2026-10-04T10:02:04.395Z;Courses de lévriers;ECHEC;9,8;9802
04/10/2026 12:13:22;2026-10-04T10:13:22.024Z;Courses hippiques (PMU);ECHEC;9,8;9791
04/10/2026 12:13:22;2026-10-04T10:13:22.024Z;Courses de lévriers;ECHEC;4,6;4641
04/10/2026 12:25:35;2026-10-04T10:25:35.930Z;Courses hippiques (PMU);OK;6,1;6134
04/10/2026 12:25:35;2026-10-04T10:25:35.930Z;Courses de lévriers;ECHEC;20,8;20837
04/10/2026 12:38:13;2026-10-04T10:38:13.787Z;Courses hippiques (PMU);OK;5,0;4973
04/10/2026 12:38:13;2026-10-04T10:38:13.787Z;Courses de lévriers;ECHEC;20,8;20789
04/10/2026 12:49:41;2026-10-04T10:49:41.769Z;Courses hippiques (PMU);ECHEC;9,0;8968
04/10/2026 12:49:41;2026-10-04T10:49:41.769Z;Courses de lévriers;OK;10,7;10673
04/10/2026 13:01:50;2026-10-04T11:01:50.587Z;Courses hippiques (PMU);OK;4,9;4948
04/10/2026 13:01:50;2026-10-04T11:01:50.587Z;Courses de lévriers;OK;5,4;5368
04/10/2026 13:13:50;2026-10-04T11:13:50.012Z;Courses hippiques (PMU);ECHEC;20,6;20599
04/10/2026 13:13:50;2026-10-04T11:13:50.012Z;Courses de lévriers;ECHEC;20,6;20631
04/10/2026 13:25:22;2026-10-04T11:25:22.425Z;Courses hippiques (PMU);OK;6,5;6458
04/10/2026 13:25:22;2026-10-04T11:25:22.425Z;Courses de lévriers;ECHEC;6,5;6491
04/10/2026 13:37:29;2026-10-04T11:37:29.107Z;Courses hippiques (PMU);OK;5,1;5074
04/10/2026 13:37:29;2026-10-04T11:37:29.107Z;Courses de lévriers;OK;6,8;6817
04/10/2026 13:49:30;2026-10-04T11:49:30.475Z;Courses hippiques (PMU);ECHEC;16,6;16638
04/10/2026 13:49:30;2026-10-04T11:49:30.475Z;Courses de lévriers;OK;5,0;4952
04/10/2026 14:01:51;2026-10-04T12:01:51.920Z;Courses hippiques (PMU);OK;5,1;5089
04/10/2026 14:01:51;2026-10-04T12:01:51.920Z;Courses de lévriers;OK;5,9;5909
04/10/2026 14:13:30;2026-10-04T12:13:30.049Z;Courses hippiques (PMU);ECHEC;11,1;11086
04/10/2026 14:13:30;2026-10-04T12:13:30.049Z;Courses de lévriers;OK;11,1;11081
04/10/2026 14:25:20;2026-10-04T12:25:20.974Z;Courses hippiques (PMU);ECHEC;5,5;5492
04/10/2026 14:25:20;2026-10-04T12:25:20.974Z;Courses de lévriers;OK;6,8;6789
04/10/2026 14:26:39;2026-10-04T12:26:39.382Z;Courses hippiques (PMU);ECHEC;20,5;20492
04/10/2026 14:26:39;2026-10-04T12:26:39.382Z;Courses de lévriers;OK;7,6;7559
04/10/2026 14:37:19;2026-10-04T12:37:19.784Z;Courses hippiques (PMU);OK;5,9;5938
04/10/2026 14:37:19;2026-10-04T12:37:19.784Z;Courses de lévriers;OK;5,7;5674
04/10/2026 14:49:36;2026-10-04T12:49:36.245Z;Courses hippiques (PMU);ECHEC;8,9;8877
04/10/2026 14:49:36;2026-10-04T12:49:36.245Z;Courses de lévriers;ECHEC;10,5;10530
04/10/2026 15:01:43;2026-10-04T13:01:43.935Z;Courses hippiques (PMU);ECHEC;5,4;5424
04/10/2026 15:01:43;2026-10-04T13:01:43.935Z;Courses de lévriers;OK;3,4;3432
04/10/2026 15:13:53;2026-10-04T13:13:53.412Z;Courses hippiques (PMU);ECHEC;20,4;20370
04/10/2026 15:13:53;2026-10-04T13:13:53.412Z;Courses de lévriers;ECHEC;20,6;20636
04/10/2026 15:25:37;2026-10-04T13:25:37.210Z;Courses hippiques (PMU);ECHEC;8,0;8023
04/10/2026 15:25:37;2026-10-04T13:25:37.210Z;Courses de lévriers;ECHEC;20,8;20812
04/10/2026 15:37:43;2026-10-04T13:37:43.536Z;Courses hippiques (PMU);ECHEC;20,5;20465
04/10/2026 15:37:43;2026-10-04T13:37:43.536Z;Courses de lévriers;OK;8,7;8730
04/10/2026 15:49:45;2026-10-04T13:49:45.128Z;Courses hippiques (PMU);ECHEC;20,2;20171
04/10/2026 15:49:45;2026-10-04T13:49:45.128Z;Courses de lévriers;OK;7,8;7806
04/10/2026 16:01:54;2026-10-04T14:01:54.147Z;Courses hippiques (PMU);OK;6,4;6399
04/10/2026 16:01:54;2026-10-04T14:01:54.147Z;Courses de lévriers;OK;6,5;6476
04/10/2026 16:13:36;2026-10-04T14:13:36.485Z;Courses hippiques (PMU);ECHEC;20,1;20103
04/10/2026 16:13:36;2026-10-04T14:13:36.485Z;Courses de lévriers;OK;5,6;5610
04/10/2026 16:25:28;2026-10-04T14:25:28.416Z;Courses hippiques (PMU);OK;4,6;4567
04/10/2026 16:25:28;2026-10-04T14:25:28.416Z;Courses de lévriers;ECHEC;11,5;11504
04/10/2026 16:37:41;2026-10-04T14:37:41.265Z;Courses hippiques (PMU);ECHEC;9,9;9915
04/10/2026 16:37:41;2026-10-04T14:37:41.265Z;Courses de lévriers;ECHEC;20,7;20707
04/10/2026 16:49:23;2026-10-04T14:49:23.813Z;Courses hippiques (PMU);OK;4,4;4415
04/10/2026 16:49:23;2026-10-04T14:49:23.813Z;Courses de lévriers;OK;5,3;5339
04/10/2026 17:02:19;2026-10-04T15:02:19.415Z;Courses hippiques (PMU);ECHEC;20,7;20724
04/10/2026 17:02:19;2026-10-04T15:02:19.415Z;Courses de lévriers;ECHEC;20,5;20485
04/10/2026 17:13:33;2026-10-04T15:13:33.541Z;Courses hippiques (PMU);ECHEC;6,1;6091
04/10/2026 17:13:33;2026-10-04T15:13:33.541Z;Courses de lévriers;ECHEC;17,5;17515
04/10/2026 17:25:40;2026-10-04T15:25:40.217Z;Courses hippiques (PMU);OK;6,7;6685
04/10/2026 17:25:40;2026-10-04T15:25:40.217Z;Courses de lévriers;ECHEC;20,3;20323
04/10/2026 17:37:55;2026-10-04T15:37:55.358Z;Courses hippiques (PMU);ECHEC;20,3;20344
04/10/2026 17:37:55;2026-10-04T15:37:55.358Z;Courses de lévriers;ECHEC;11,4;11375
04/10/2026 17:49:38;2026-10-04T15:49:38.464Z;Courses hippiques (PMU);OK;13,2;13207
04/10/2026 17:49:38;2026-10-04T15:49:38.464Z;Courses de lévriers;ECHEC;17,9;17874
04/10/2026 18:01:56;2026-10-04T16:01:56.154Z;Courses hippiques (PMU);ECHEC;9,7;9669
04/10/2026 18:01:56;2026-10-04T16:01:56.154Z;Courses de lévriers;OK;5,9;5859
04/10/2026 18:13:21;2026-10-04T16:13:21.173Z;Courses hippiques (PMU);OK;6,4;6386
04/10/2026 18:13:21;2026-10-04T16:13:21.173Z;Courses de lévriers;OK;7,7;7741
04/10/2026 18:25:22;2026-10-04T16:25:22.477Z;Courses hippiques (PMU);OK;4,9;4902
04/10/2026 18:25:22;2026-10-04T16:25:22.477Z;Courses de lévriers;OK;5,3;5301
04/10/2026 18:37:40;2026-10-04T16:37:40.324Z;Courses hippiques (PMU);ECHEC;5,4;5414
04/10/2026 18:37:40;2026-10-04T16:37:40.324Z;Courses de lévriers;ECHEC;20,7;20732
04/10/2026 18:49:22;2026-10-04T16:49:22.718Z;Courses hippiques (PMU);OK;6,5;6535
04/10/2026 18:49:22;2026-10-04T16:49:22.718Z;Courses de lévriers;OK;6,7;6679
04/10/2026 19:02:00;2026-10-04T17:02:00.424Z;Courses hippiques (PMU);ECHEC;11,4;11353
04/10/2026 19:02:00;2026-10-04T17:02:00.424Z;Courses de lévriers;OK;6,9;6897
04/10/2026 19:13:25;2026-10-04T17:13:25.950Z;Courses hippiques (PMU);OK;4,8;4819
04/10/2026 19:13:25;2026-10-04T17:13:25.950Z;Courses de lévriers;OK;7,1;7064
04/10/2026 19:25:26;2026-10-04T17:25:26.247Z;Courses hippiques (PMU);ECHEC;8,3;8332
04/10/2026 19:25:26;2026-10-04T17:25:26.247Z;Courses de lévriers;ECHEC;10,5;10476
04/10/2026 19:37:41;2026-10-04T17:37:41.805Z;Courses hippiques (PMU);ECHEC;12,1;12063
04/10/2026 19:37:41;2026-10-04T17:37:41.805Z;Courses de lévriers;ECHEC;12,8;12793
04/10/2026 19:49:34;2026-10-04T17:49:34.426Z;Courses hippiques (PMU);OK;4,3;4346
04/10/2026 19:49:34;2026-10-04T17:49:34.426Z;Courses de lévriers;ECHEC;20,7;20659
04/10/2026 20:02:07;2026-10-04T18:02:07.121Z;Courses hippiques (PMU);OK;8,0;8040
04/10/2026 20:02:07;2026-10-04T18:02:07.121Z;Courses de lévriers;ECHEC;16,5;16528
04/10/2026 20:13:30;2026-10-04T18:13:30.200Z;Courses hippiques (PMU);OK;7,6;7583
04/10/2026 20:13:30;2026-10-04T18:13:30.200Z;Courses de lévriers;OK;5,9;5936
04/10/2026 20:25:15;2026-10-04T18:25:15.835Z;Courses hippiques (PMU);ECHEC;6,8;6780
04/10/2026 20:25:15;2026-10-04T18:25:15.835Z;Courses de lévriers;OK;4,7;4664
04/10/2026 20:37:30;2026-10-04T18:37:30.614Z;Courses hippiques (PMU);OK;4,0;3969
04/10/2026 20:37:30;2026-10-04T18:37:30.614Z;Courses de lévriers;ECHEC;17,5;17508
04/10/2026 20:39:57;2026-10-04T18:39:57.210Z;Courses hippiques (PMU);OK;4,0;4030
04/10/2026 20:39:57;2026-10-04T18:39:57.210Z;Courses de lévriers;ECHEC;17,3;17312
04/10/2026 20:49:27;2026-10-04T18:49:27.060Z;Courses hippiques (PMU);ECHEC;10,0;10016
04/10/2026 20:49:27;2026-10-04T18:49:27.060Z;Courses de lévriers;OK;6,5;6538
04/10/2026 21:02:16;2026-10-04T19:02:16.833Z;Courses hippiques (PMU);ECHEC;17,2;17226
04/10/2026 21:02:16;2026-10-04T19:02:16.833Z;Courses de lévriers;ECHEC;20,7;20661
04/10/2026 21:13:26;2026-10-04T19:13:26.094Z;Courses hippiques (PMU);ECHEC;4,2;4181
04/10/2026 21:13:26;2026-10-04T19:13:26.094Z;Courses de lévriers;ECHEC;10,4;10422
04/10/2026 21:25:28;2026-10-04T19:25:28.734Z;Courses hippiques (PMU);OK;6,2;6184
04/10/2026 21:25:28;2026-10-04T19:25:28.734Z;Courses de lévriers;ECHEC;14,7;14661
04/10/2026 21:37:45;2026-10-04T19:37:45.518Z;Courses hippiques (PMU);ECHEC;20,8;20769
04/10/2026 21:37:45;2026-10-04T19:37:45.518Z;Courses de lévriers;ECHEC;12,2;12230
04/10/2026 21:49:20;2026-10-04T19:49:20.365Z;Courses hippiques (PMU);OK;5,6;5599
04/10/2026 21:49:20;2026-10-04T19:49:20.365Z;Courses de lévriers;OK;6,0;6007
04/10/2026 22:02:29;2026-10-04T20:02:29.998Z;Courses hippiques (PMU);ECHEC;13,1;13075
04/10/2026 22:02:29;2026-10-04T20:02:29.998Z;Courses de lévriers;ECHEC;12,1;12075
04/10/2026 22:13:30;2026-10-04T20:13:30.649Z;Courses hippiques (PMU);OK;6,8;6790
04/10/2026 22:13:30;2026-10-04T20:13:30.649Z;Courses de lévriers;ECHEC;14,3;14341
04/10/2026 22:25:35;2026-10-04T20:25:35.619Z;Courses hippiques (PMU);OK;7,9;7924
04/10/2026 22:25:35;2026-10-04T20:25:35.619Z;Courses de lévriers;ECHEC;16,9;16913
04/10/2026 22:37:40;2026-10-04T20:37:40.193Z;Courses hippiques (PMU);ECHEC;8,4;8397
04/10/2026 22:37:40;2026-10-04T20:37:40.193Z;Courses de lévriers;ECHEC;19,9;19850
04/10/2026 22:49:36;2026-10-04T20:49:36.287Z;Courses hippiques (PMU);ECHEC;16,6;16579
04/10/2026 22:49:36;2026-10-04T20:49:36.287Z;Courses de lévriers;OK;8,5;8545
04/10/2026 23:02:09;2026-10-04T21:02:09.456Z;Courses hippiques (PMU);ECHEC;8,4;8357
04/10/2026 23:02:09;2026-10-04T21:02:09.456Z;Courses de lévriers;ECHEC;20,5;20516
04/10/2026 23:13:29;2026-10-04T21:13:29.458Z;Courses hippiques (PMU);OK;7,1;7053
04/10/2026 23:13:29;2026-10-04T21:13:29.458Z;Courses de lévriers;ECHEC;8,8;8770
04/10/2026 23:25:18;2026-10-04T21:25:18.337Z;Courses hippiques (PMU);OK;6,1;6051
04/10/2026 23:25:18;2026-10-04T21:25:18.337Z;Courses de lévriers;ECHEC;5,8;5842
04/10/2026 23:37:33;2026-10-04T21:37:33.578Z;Courses hippiques (PMU);OK;6,1;6119
04/10/2026 23:37:33;2026-10-04T21:37:33.578Z;Courses de lévriers;ECHEC;20,6;20553
04/10/2026 23:49:49;2026-10-04T21:49:49.723Z;Courses hippiques (PMU);ECHEC;19,8;19782
04/10/2026 23:49:49;2026-10-04T21:49:49.723Z;Courses de lévriers;OK;7,8;7829
05/10/2026 01:58:10;2026-10-04T23:58:10.029Z;Courses hippiques (PMU);OK;1,9;1937
05/10/2026 01:58:10;2026-10-04T23:58:10.029Z;Courses de lévriers;OK;1,4;1407
05/10/2026 07:46:42;2026-10-05T05:46:42.204Z;Courses hippiques (PMU);OK;1,7;1656
05/10/2026 07:46:42;2026-10-05T05:46:42.204Z;Courses de lévriers;OK;1,4;1361
05/10/2026 08:01:43;2026-10-05T06:01:43.281Z;Courses hippiques (PMU);OK;2,7;2746
05/10/2026 08:01:43;2026-10-05T06:01:43.281Z;Courses de lévriers;OK;1,6;1579
05/10/2026 08:13:08;2026-10-05T06:13:08.318Z;Courses hippiques (PMU);OK;1,5;1494
05/10/2026 08:13:08;2026-10-05T06:13:08.318Z;Courses de lévriers;OK;1,2;1177
05/10/2026 08:25:16;2026-10-05T06:25:16.646Z;Courses hippiques (PMU);OK;2,2;2208
05/10/2026 08:25:16;2026-10-05T06:25:16.646Z;Courses de lévriers;OK;3,3;3263
05/10/2026 08:37:29;2026-10-05T06:37:29.330Z;Courses hippiques (PMU);ECHEC;6,8;6808
05/10/2026 08:37:29;2026-10-05T06:37:29.330Z;Courses de lévriers;OK;9,1;9072
05/10/2026 08:49:33;2026-10-05T06:49:33.119Z;Courses hippiques (PMU);OK;6,6;6587
05/10/2026 08:49:33;2026-10-05T06:49:33.119Z;Courses de lévriers;ECHEC;5,2;5232
05/10/2026 09:01:58;2026-10-05T07:01:58.629Z;Courses hippiques (PMU);ECHEC;8,6;8643
05/10/2026 09:01:58;2026-10-05T07:01:58.629Z;Courses de lévriers;ECHEC;5,2;5249
05/10/2026 09:13:25;2026-10-05T07:13:25.339Z;Courses hippiques (PMU);OK;7,0;7049
05/10/2026 09:13:25;2026-10-05T07:13:25.339Z;Courses de lévriers;ECHEC;5,7;5729
05/10/2026 09:25:32;2026-10-05T07:25:32.023Z;Courses hippiques (PMU);OK;13,3;13305
05/10/2026 09:25:32;2026-10-05T07:25:32.023Z;Courses de lévriers;ECHEC;7,4;7355
05/10/2026 09:37:20;2026-10-05T07:37:20.973Z;Courses hippiques (PMU);OK;7,1;7119
05/10/2026 09:37:20;2026-10-05T07:37:20.973Z;Courses de lévriers;ECHEC;4,5;4460
05/10/2026 09:49:37;2026-10-05T07:49:37.341Z;Courses hippiques (PMU);OK;14,4;14372
05/10/2026 09:49:37;2026-10-05T07:49:37.341Z;Courses de lévriers;ECHEC;7,2;7176
05/10/2026 10:01:50;2026-10-05T08:01:50.058Z;Courses hippiques (PMU);ECHEC;5,2;5248
05/10/2026 10:01:50;2026-10-05T08:01:50.058Z;Courses de lévriers;OK;8,3;8315
05/10/2026 10:13:29;2026-10-05T08:13:29.591Z;Courses hippiques (PMU);OK;7,9;7876
05/10/2026 10:13:29;2026-10-05T08:13:29.591Z;Courses de lévriers;ECHEC;8,5;8546
05/10/2026 10:25:24;2026-10-05T08:25:24.040Z;Courses hippiques (PMU);ECHEC;8,0;7963
05/10/2026 10:25:24;2026-10-05T08:25:24.040Z;Courses de lévriers;OK;7,5;7474
05/10/2026 10:37:21;2026-10-05T08:37:21.017Z;Courses hippiques (PMU);OK;5,4;5442
05/10/2026 10:37:21;2026-10-05T08:37:21.017Z;Courses de lévriers;ECHEC;3,9;3888
05/10/2026 10:49:34;2026-10-05T08:49:34.940Z;Courses hippiques (PMU);ECHEC;5,2;5211
05/10/2026 10:49:34;2026-10-05T08:49:34.940Z;Courses de lévriers;OK;8,4;8356
05/10/2026 11:01:59;2026-10-05T09:01:59.534Z;Courses hippiques (PMU);ECHEC;10,1;10129
05/10/2026 11:01:59;2026-10-05T09:01:59.534Z;Courses de lévriers;OK;7,3;7284
05/10/2026 11:13:38;2026-10-05T09:13:38.147Z;Courses hippiques (PMU);ECHEC;5,4;5396
05/10/2026 11:13:38;2026-10-05T09:13:38.147Z;Courses de lévriers;OK;8,2;8150
05/10/2026 11:25:47;2026-10-05T09:25:47.632Z;Courses hippiques (PMU);OK;9,2;9167
05/10/2026 11:25:47;2026-10-05T09:25:47.632Z;Courses de lévriers;OK;8,8;8807
05/10/2026 11:37:51;2026-10-05T09:37:51.752Z;Courses hippiques (PMU);ECHEC;20,5;20470
05/10/2026 11:37:51;2026-10-05T09:37:51.752Z;Courses de lévriers;ECHEC;20,7;20722
05/10/2026 11:49:29;2026-10-05T09:49:29.488Z;Courses hippiques (PMU);ECHEC;6,9;6877
05/10/2026 11:49:29;2026-10-05T09:49:29.488Z;Courses de lévriers;ECHEC;10,1;10112
05/10/2026 12:01:55;2026-10-05T10:01:55.607Z;Courses hippiques (PMU);ECHEC;8,7;8743
05/10/2026 12:01:55;2026-10-05T10:01:55.607Z;Courses de lévriers;OK;9,5;9475
05/10/2026 12:13:37;2026-10-05T10:13:37.594Z;Courses hippiques (PMU);OK;7,7;7658
05/10/2026 12:13:37;2026-10-05T10:13:37.594Z;Courses de lévriers;ECHEC;20,2;20189
05/10/2026 12:25:53;2026-10-05T10:25:53.687Z;Courses hippiques (PMU);ECHEC;20,9;20860
05/10/2026 12:25:53;2026-10-05T10:25:53.687Z;Courses de lévriers;ECHEC;20,7;20687
05/10/2026 12:37:31;2026-10-05T10:37:31.117Z;Courses hippiques (PMU);ECHEC;8,3;8279
05/10/2026 12:37:31;2026-10-05T10:37:31.117Z;Courses de lévriers;ECHEC;12,8;12845
05/10/2026 12:49:48;2026-10-05T10:49:48.296Z;Courses hippiques (PMU);ECHEC;20,8;20831
05/10/2026 12:49:48;2026-10-05T10:49:48.296Z;Courses de lévriers;ECHEC;12,4;12388
05/10/2026 13:02:02;2026-10-05T11:02:02.950Z;Courses hippiques (PMU);ECHEC;5,6;5592
05/10/2026 13:02:02;2026-10-05T11:02:02.950Z;Courses de lévriers;ECHEC;20,5;20492
05/10/2026 13:13:37;2026-10-05T11:13:37.064Z;Courses hippiques (PMU);ECHEC;20,4;20377
05/10/2026 13:13:37;2026-10-05T11:13:37.064Z;Courses de lévriers;OK;7,0;6962
05/10/2026 13:25:41;2026-10-05T11:25:41.376Z;Courses hippiques (PMU);ECHEC;10,4;10433
05/10/2026 13:25:41;2026-10-05T11:25:41.376Z;Courses de lévriers;ECHEC;20,9;20883
05/10/2026 13:37:48;2026-10-05T11:37:48.543Z;Courses hippiques (PMU);ECHEC;13,0;12951
05/10/2026 13:37:48;2026-10-05T11:37:48.543Z;Courses de lévriers;ECHEC;20,7;20677
05/10/2026 13:49:51;2026-10-05T11:49:51.856Z;Courses hippiques (PMU);ECHEC;20,6;20571
05/10/2026 13:49:51;2026-10-05T11:49:51.856Z;Courses de lévriers;ECHEC;20,1;20064
05/10/2026 14:02:18;2026-10-05T12:02:18.881Z;Courses hippiques (PMU);ECHEC;20,1;20135
05/10/2026 14:02:18;2026-10-05T12:02:18.881Z;Courses de lévriers;ECHEC;20,8;20812
05/10/2026 14:13:30;2026-10-05T12:13:30.716Z;Courses hippiques (PMU);ECHEC;6,8;6821
05/10/2026 14:13:30;2026-10-05T12:13:30.716Z;Courses de lévriers;ECHEC;13,6;13587
05/10/2026 14:25:43;2026-10-05T12:25:43.631Z;Courses hippiques (PMU);ECHEC;7,4;7383
05/10/2026 14:25:43;2026-10-05T12:25:43.631Z;Courses de lévriers;ECHEC;20,7;20733
05/10/2026 14:38:15;2026-10-05T12:38:15.269Z;Courses hippiques (PMU);ECHEC;20,8;20794
05/10/2026 14:38:15;2026-10-05T12:38:15.269Z;Courses de lévriers;ECHEC;20,6;20569
05/10/2026 14:50:02;2026-10-05T12:50:02.275Z;Courses hippiques (PMU);ECHEC;20,1;20101
05/10/2026 14:50:02;2026-10-05T12:50:02.275Z;Courses de lévriers;ECHEC;20,8;20773
05/10/2026 15:02:20;2026-10-05T13:02:20.286Z;Courses hippiques (PMU);ECHEC;19,4;19357
05/10/2026 15:02:20;2026-10-05T13:02:20.286Z;Courses de lévriers;ECHEC;20,9;20890
05/10/2026 15:13:42;2026-10-05T13:13:42.670Z;Courses hippiques (PMU);ECHEC;13,5;13475
05/10/2026 15:13:42;2026-10-05T13:13:42.670Z;Courses de lévriers;ECHEC;20,8;20838
05/10/2026 15:25:54;2026-10-05T13:25:54.459Z;Courses hippiques (PMU);ECHEC;20,0;20023
05/10/2026 15:25:54;2026-10-05T13:25:54.459Z;Courses de lévriers;ECHEC;20,9;20898
05/10/2026 15:37:57;2026-10-05T13:37:57.813Z;Courses hippiques (PMU);ECHEC;20,4;20443
05/10/2026 15:37:57;2026-10-05T13:37:57.813Z;Courses de lévriers;ECHEC;20,9;20882
05/10/2026 15:49:43;2026-10-05T13:49:43.910Z;Courses hippiques (PMU);ECHEC;20,3;20294
05/10/2026 15:49:43;2026-10-05T13:49:43.910Z;Courses de lévriers;ECHEC;13,2;13152
05/10/2026 16:02:07;2026-10-05T14:02:07.120Z;Courses hippiques (PMU);ECHEC;8,0;7984
05/10/2026 16:02:07;2026-10-05T14:02:07.120Z;Courses de lévriers;ECHEC;13,1;13120
05/10/2026 16:13:39;2026-10-05T14:13:39.779Z;Courses hippiques (PMU);ECHEC;18,9;18923
05/10/2026 16:13:39;2026-10-05T14:13:39.779Z;Courses de lévriers;ECHEC;8,4;8418
05/10/2026 16:25:50;2026-10-05T14:25:50.206Z;Courses hippiques (PMU);ECHEC;16,6;16612
05/10/2026 16:25:50;2026-10-05T14:25:50.206Z;Courses de lévriers;ECHEC;20,6;20595
05/10/2026 16:38:23;2026-10-05T14:38:23.397Z;Courses hippiques (PMU);ECHEC;12,9;12887
05/10/2026 16:38:23;2026-10-05T14:38:23.397Z;Courses de lévriers;ECHEC;20,9;20906
05/10/2026 16:47:02;2026-10-05T14:47:02.137Z;Courses hippiques (PMU);ECHEC;20,0;20012
05/10/2026 16:47:02;2026-10-05T14:47:02.137Z;Courses de lévriers;ECHEC;20,8;20788
05/10/2026 16:49:54;2026-10-05T14:49:54.709Z;Courses hippiques (PMU);ECHEC;20,3;20302
05/10/2026 16:49:54;2026-10-05T14:49:54.709Z;Courses de lévriers;ECHEC;20,8;20786
05/10/2026 17:02:22;2026-10-05T15:02:22.486Z;Courses hippiques (PMU);ECHEC;20,1;20066
05/10/2026 17:02:22;2026-10-05T15:02:22.486Z;Courses de lévriers;ECHEC;20,9;20921
05/10/2026 17:13:27;2026-10-05T15:13:27.567Z;Courses hippiques (PMU);ECHEC;4,8;4839
05/10/2026 17:13:27;2026-10-05T15:13:27.567Z;Courses de lévriers;ECHEC;11,2;11234
05/10/2026 17:25:52;2026-10-05T15:25:52.237Z;Courses hippiques (PMU);ECHEC;20,4;20395
05/10/2026 17:25:52;2026-10-05T15:25:52.237Z;Courses de lévriers;ECHEC;20,1;20074
05/10/2026 17:37:52;2026-10-05T15:37:52.312Z;Courses hippiques (PMU);ECHEC;20,1;20065
05/10/2026 17:37:52;2026-10-05T15:37:52.312Z;Courses de lévriers;ECHEC;20,6;20632
05/10/2026 17:50:01;2026-10-05T15:50:01.127Z;Courses hippiques (PMU);ECHEC;20,6;20598
05/10/2026 17:50:01;2026-10-05T15:50:01.127Z;Courses de lévriers;ECHEC;20,8;20802
05/10/2026 18:02:34;2026-10-05T16:02:34.745Z;Courses hippiques (PMU);ECHEC;20,6;20606
05/10/2026 18:02:34;2026-10-05T16:02:34.745Z;Courses de lévriers;ECHEC;20,2;20182
05/10/2026 18:13:56;2026-10-05T16:13:56.437Z;Courses hippiques (PMU);ECHEC;20,1;20096
05/10/2026 18:13:56;2026-10-05T16:13:56.437Z;Courses de lévriers;ECHEC;20,1;20106
05/10/2026 18:25:58;2026-10-05T16:25:58.854Z;Courses hippiques (PMU);ECHEC;20,8;20752
05/10/2026 18:25:58;2026-10-05T16:25:58.854Z;Courses de lévriers;ECHEC;20,9;20901
05/10/2026 18:37:49;2026-10-05T16:37:49.124Z;Courses hippiques (PMU);ECHEC;13,2;13168
05/10/2026 18:37:49;2026-10-05T16:37:49.124Z;Courses de lévriers;ECHEC;20,1;20109
05/10/2026 18:49:49;2026-10-05T16:49:49.913Z;Courses hippiques (PMU);ECHEC;20,3;20335
05/10/2026 18:49:49;2026-10-05T16:49:49.913Z;Courses de lévriers;ECHEC;20,1;20082
05/10/2026 19:02:22;2026-10-05T17:02:22.183Z;Courses hippiques (PMU);ECHEC;20,6;20626
05/10/2026 19:02:22;2026-10-05T17:02:22.183Z;Courses de lévriers;ECHEC;20,0;20026
05/10/2026 19:14:01;2026-10-05T17:14:01.636Z;Courses hippiques (PMU);ECHEC;20,2;20161
05/10/2026 19:14:01;2026-10-05T17:14:01.636Z;Courses de lévriers;ECHEC;20,7;20717
05/10/2026 19:26:05;2026-10-05T17:26:05.078Z;Courses hippiques (PMU);ECHEC;20,0;20015
05/10/2026 19:26:05;2026-10-05T17:26:05.078Z;Courses de lévriers;ECHEC;20,9;20907
05/10/2026 19:37:47;2026-10-05T17:37:47.969Z;Courses hippiques (PMU);ECHEC;20,8;20810
05/10/2026 19:37:47;2026-10-05T17:37:47.969Z;Courses de lévriers;ECHEC;20,7;20680
05/10/2026 19:49:47;2026-10-05T17:49:47.912Z;Courses hippiques (PMU);ECHEC;19,1;19068
05/10/2026 19:49:47;2026-10-05T17:49:47.912Z;Courses de lévriers;ECHEC;20,6;20623
05/10/2026 20:02:21;2026-10-05T18:02:21.551Z;Courses hippiques (PMU);ECHEC;19,8;19834
05/10/2026 20:02:21;2026-10-05T18:02:21.551Z;Courses de lévriers;ECHEC;20,2;20249
05/10/2026 20:14:07;2026-10-05T18:14:07.522Z;Courses hippiques (PMU);ECHEC;20,2;20245
05/10/2026 20:14:07;2026-10-05T18:14:07.522Z;Courses de lévriers;ECHEC;20,3;20276
05/10/2026 20:25:38;2026-10-05T18:25:38.006Z;Courses hippiques (PMU);ECHEC;14,5;14506
05/10/2026 20:25:38;2026-10-05T18:25:38.006Z;Courses de lévriers;ECHEC;15,0;14983
05/10/2026 20:37:56;2026-10-05T18:37:56.818Z;Courses hippiques (PMU);ECHEC;20,2;20182
05/10/2026 20:37:56;2026-10-05T18:37:56.818Z;Courses de lévriers;ECHEC;20,8;20837
05/10/2026 20:49:51;2026-10-05T18:49:51.328Z;Courses hippiques (PMU);ECHEC;20,8;20821
05/10/2026 20:49:51;2026-10-05T18:49:51.328Z;Courses de lévriers;ECHEC;20,3;20343
05/10/2026 21:02:25;2026-10-05T19:02:25.491Z;Courses hippiques (PMU);ECHEC;16,1;16083
05/10/2026 21:02:25;2026-10-05T19:02:25.491Z;Courses de lévriers;ECHEC;20,4;20390
05/10/2026 21:13:54;2026-10-05T19:13:54.535Z;Courses hippiques (PMU);ECHEC;11,9;11937
05/10/2026 21:13:54;2026-10-05T19:13:54.535Z;Courses de lévriers;ECHEC;20,3;20284
05/10/2026 21:31:49;2026-10-05T19:31:49.705Z;Courses hippiques (PMU);ECHEC;20,9;20865
05/10/2026 21:31:49;2026-10-05T19:31:49.705Z;Courses de lévriers;ECHEC;19,9;19908
05/10/2026 21:48:06;2026-10-05T19:48:06.532Z;Courses hippiques (PMU);ECHEC;15,9;15903
05/10/2026 21:48:06;2026-10-05T19:48:06.532Z;Courses de lévriers;ECHEC;20,5;20489
05/10/2026 21:55:08;2026-10-05T19:55:08.445Z;Courses hippiques (PMU);ECHEC;13,2;13201
05/10/2026 21:55:08;2026-10-05T19:55:08.445Z;Courses de lévriers;ECHEC;20,8;20842
05/10/2026 22:22:43;2026-10-05T20:22:43.568Z;Courses hippiques (PMU);ECHEC;20,3;20344
05/10/2026 22:22:43;2026-10-05T20:22:43.568Z;Courses de lévriers;ECHEC;20,8;20840
05/10/2026 22:56:13;2026-10-05T20:56:13.755Z;Courses hippiques (PMU);ECHEC;20,4;20412
05/10/2026 22:56:13;2026-10-05T20:56:13.755Z;Courses de lévriers;ECHEC;20,5;20492
05/10/2026 23:07:51;2026-10-05T21:07:51.204Z;Courses hippiques (PMU);ECHEC;16,6;16643
05/10/2026 23:07:51;2026-10-05T21:07:51.204Z;Courses de lévriers;ECHEC;20,4;20388
05/10/2026 23:14:45;2026-10-05T21:14:45.149Z;Courses hippiques (PMU);ECHEC;19,9;19859
05/10/2026 23:14:45;2026-10-05T21:14:45.149Z;Courses de lévriers;ECHEC;20,5;20467
05/10/2026 23:25:58;2026-10-05T21:25:58.250Z;Courses hippiques (PMU);ECHEC;20,4;20350
05/10/2026 23:25:58;2026-10-05T21:25:58.250Z;Courses de lévriers;ECHEC;20,3;20311
05/10/2026 23:37:56;2026-10-05T21:37:56.255Z;Courses hippiques (PMU);ECHEC;20,8;20763
05/10/2026 23:37:56;2026-10-05T21:37:56.255Z;Courses de lévriers;ECHEC;20,1;20051
05/10/2026 23:50:00;2026-10-05T21:50:00.897Z;Courses hippiques (PMU);ECHEC;20,5;20480
05/10/2026 23:50:00;2026-10-05T21:50:00.897Z;Courses de lévriers;ECHEC;20,4;20376
06/10/2026 00:02:53;2026-10-05T22:02:53.101Z;Courses hippiques (PMU);OK;2,1;2063
06/10/2026 00:02:53;2026-10-05T22:02:53.101Z;Courses de lévriers;OK;2,6;2620
06/10/2026 08:01:43;2026-10-06T06:01:43.495Z;Courses hippiques (PMU);OK;3,0;2975
06/10/2026 08:01:43;2026-10-06T06:01:43.495Z;Courses de lévriers;OK;2,1;2091
06/10/2026 08:13:20;2026-10-06T06:13:20.819Z;Courses hippiques (PMU);OK;1,9;1885
06/10/2026 08:13:20;2026-10-06T06:13:20.819Z;Courses de lévriers;OK;1,3;1286
06/10/2026 08:25:19;2026-10-06T06:25:19.819Z;Courses hippiques (PMU);OK;1,9;1937
06/10/2026 08:25:19;2026-10-06T06:25:19.819Z;Courses de lévriers;OK;1,9;1889
06/10/2026 08:37:52;2026-10-06T06:37:52.261Z;Courses hippiques (PMU);ECHEC;20,3;20302
06/10/2026 08:37:52;2026-10-06T06:37:52.261Z;Courses de lévriers;ECHEC;20,0;20033
06/10/2026 08:49:53;2026-10-06T06:49:53.431Z;Courses hippiques (PMU);ECHEC;20,2;20227
06/10/2026 08:49:53;2026-10-06T06:49:53.431Z;Courses de lévriers;ECHEC;20,5;20524
06/10/2026 09:02:13;2026-10-06T07:02:13.553Z;Courses hippiques (PMU);ECHEC;12,7;12740
06/10/2026 09:02:13;2026-10-06T07:02:13.553Z;Courses de lévriers;ECHEC;20,8;20765
06/10/2026 09:13:50;2026-10-06T07:13:50.647Z;Courses hippiques (PMU);ECHEC;20,7;20667
06/10/2026 09:13:50;2026-10-06T07:13:50.647Z;Courses de lévriers;ECHEC;20,1;20073
06/10/2026 09:25:49;2026-10-06T07:25:49.931Z;Courses hippiques (PMU);ECHEC;21,0;20965
06/10/2026 09:25:49;2026-10-06T07:25:49.931Z;Courses de lévriers;ECHEC;20,0;20007
06/10/2026 09:37:40;2026-10-06T07:37:40.925Z;Courses hippiques (PMU);ECHEC;21,0;20995
06/10/2026 09:37:40;2026-10-06T07:37:40.925Z;Courses de lévriers;ECHEC;7,9;7936
06/10/2026 09:49:49;2026-10-06T07:49:49.206Z;Courses hippiques (PMU);ECHEC;20,5;20480
06/10/2026 09:49:49;2026-10-06T07:49:49.206Z;Courses de lévriers;ECHEC;18,9;18866
06/10/2026 10:02:21;2026-10-06T08:02:21.287Z;Courses hippiques (PMU);ECHEC;20,9;20903
06/10/2026 10:02:21;2026-10-06T08:02:21.287Z;Courses de lévriers;ECHEC;20,2;20156
06/10/2026 10:13:56;2026-10-06T08:13:56.337Z;Courses hippiques (PMU);ECHEC;20,3;20347
06/10/2026 10:13:56;2026-10-06T08:13:56.337Z;Courses de lévriers;ECHEC;20,9;20941
06/10/2026 10:25:57;2026-10-06T08:25:57.201Z;Courses hippiques (PMU);ECHEC;20,2;20239
06/10/2026 10:25:57;2026-10-06T08:25:57.201Z;Courses de lévriers;ECHEC;20,7;20665
06/10/2026 10:37:37;2026-10-06T08:37:37.161Z;Courses hippiques (PMU);ECHEC;14,7;14684
06/10/2026 10:37:37;2026-10-06T08:37:37.161Z;Courses de lévriers;ECHEC;17,3;17281
06/10/2026 10:47:06;2026-10-06T08:47:06.863Z;Courses hippiques (PMU);ECHEC;19,2;19174
06/10/2026 10:47:06;2026-10-06T08:47:06.863Z;Courses de lévriers;ECHEC;12,8;12829
06/10/2026 10:49:45;2026-10-06T08:49:45.743Z;Courses hippiques (PMU);ECHEC;20,9;20886
06/10/2026 10:49:45;2026-10-06T08:49:45.743Z;Courses de lévriers;ECHEC;20,2;20230
06/10/2026 11:02:17;2026-10-06T09:02:17.350Z;Courses hippiques (PMU);ECHEC;20,3;20299
06/10/2026 11:02:17;2026-10-06T09:02:17.350Z;Courses de lévriers;ECHEC;20,3;20339
06/10/2026 11:13:52;2026-10-06T09:13:52.885Z;Courses hippiques (PMU);ECHEC;20,6;20621
06/10/2026 11:13:52;2026-10-06T09:13:52.885Z;Courses de lévriers;ECHEC;20,5;20506
06/10/2026 11:25:50;2026-10-06T09:25:50.987Z;Courses hippiques (PMU);ECHEC;20,8;20841
06/10/2026 11:25:50;2026-10-06T09:25:50.987Z;Courses de lévriers;ECHEC;20,4;20416
06/10/2026 11:37:55;2026-10-06T09:37:55.312Z;Courses hippiques (PMU);ECHEC;20,1;20058
06/10/2026 11:37:55;2026-10-06T09:37:55.312Z;Courses de lévriers;ECHEC;20,2;20235
06/10/2026 11:49:46;2026-10-06T09:49:46.209Z;Courses hippiques (PMU);ECHEC;20,9;20901
06/10/2026 11:49:46;2026-10-06T09:49:46.209Z;Courses de lévriers;ECHEC;20,4;20358
06/10/2026 12:02:21;2026-10-06T10:02:21.341Z;Courses hippiques (PMU);ECHEC;20,3;20334
06/10/2026 12:02:21;2026-10-06T10:02:21.341Z;Courses de lévriers;ECHEC;20,2;20190
06/10/2026 12:13:51;2026-10-06T10:13:51.923Z;Courses hippiques (PMU);ECHEC;21,0;20963
06/10/2026 12:13:51;2026-10-06T10:13:51.923Z;Courses de lévriers;ECHEC;20,5;20452
06/10/2026 12:25:49;2026-10-06T10:25:49.186Z;Courses hippiques (PMU);ECHEC;20,7;20671
06/10/2026 12:25:49;2026-10-06T10:25:49.186Z;Courses de lévriers;ECHEC;20,6;20569
06/10/2026 12:37:58;2026-10-06T10:37:58.217Z;Courses hippiques (PMU);ECHEC;20,5;20515
06/10/2026 12:37:58;2026-10-06T10:37:58.217Z;Courses de lévriers;ECHEC;20,2;20161
06/10/2026 12:49:51;2026-10-06T10:49:51.958Z;Courses hippiques (PMU);ECHEC;21,0;20961
06/10/2026 12:49:51;2026-10-06T10:49:51.958Z;Courses de lévriers;ECHEC;20,4;20443
06/10/2026 13:02:30;2026-10-06T11:02:30.353Z;Courses hippiques (PMU);ECHEC;20,9;20888
06/10/2026 13:02:30;2026-10-06T11:02:30.353Z;Courses de lévriers;ECHEC;20,3;20343
06/10/2026 13:13:52;2026-10-06T11:13:52.671Z;Courses hippiques (PMU);ECHEC;20,2;20238
06/10/2026 13:13:52;2026-10-06T11:13:52.671Z;Courses de lévriers;ECHEC;20,8;20831
06/10/2026 13:25:48;2026-10-06T11:25:48.620Z;Courses hippiques (PMU);ECHEC;21,0;20975
06/10/2026 13:25:48;2026-10-06T11:25:48.620Z;Courses de lévriers;ECHEC;20,5;20493
06/10/2026 13:37:57;2026-10-06T11:37:57.637Z;Courses hippiques (PMU);ECHEC;20,7;20717
06/10/2026 13:37:57;2026-10-06T11:37:57.637Z;Courses de lévriers;ECHEC;20,9;20860
06/10/2026 13:49:54;2026-10-06T11:49:54.621Z;Courses hippiques (PMU);ECHEC;20,4;20392
06/10/2026 13:49:54;2026-10-06T11:49:54.621Z;Courses de lévriers;ECHEC;20,2;20163
06/10/2026 14:02:31;2026-10-06T12:02:31.734Z;Courses hippiques (PMU);ECHEC;20,1;20148
06/10/2026 14:02:31;2026-10-06T12:02:31.734Z;Courses de lévriers;ECHEC;20,1;20129
06/10/2026 14:14:05;2026-10-06T12:14:05.062Z;Courses hippiques (PMU);ECHEC;20,7;20666
06/10/2026 14:14:05;2026-10-06T12:14:05.062Z;Courses de lévriers;ECHEC;20,6;20609
06/10/2026 14:26:03;2026-10-06T12:26:03.188Z;Courses hippiques (PMU);OK;14,0;13963
06/10/2026 14:26:03;2026-10-06T12:26:03.188Z;Courses de lévriers;ECHEC;19,9;19903
06/10/2026 14:37:37;2026-10-06T12:37:37.261Z;Courses hippiques (PMU);ECHEC;20,2;20151
06/10/2026 14:37:37;2026-10-06T12:37:37.261Z;Courses de lévriers;OK;6,0;5961
06/10/2026 14:49:37;2026-10-06T12:49:37.163Z;Courses hippiques (PMU);OK;4,0;3995
06/10/2026 14:49:37;2026-10-06T12:49:37.163Z;Courses de lévriers;OK;4,7;4718
06/10/2026 15:01:51;2026-10-06T13:01:51.764Z;Courses hippiques (PMU);ECHEC;4,6;4615
06/10/2026 15:01:51;2026-10-06T13:01:51.764Z;Courses de lévriers;OK;5,4;5429
06/10/2026 15:13:26;2026-10-06T13:13:26.065Z;Courses hippiques (PMU);OK;4,9;4942
06/10/2026 15:13:26;2026-10-06T13:13:26.065Z;Courses de lévriers;OK;6,0;6018
06/10/2026 15:25:42;2026-10-06T13:25:42.354Z;Courses hippiques (PMU);ECHEC;20,2;20231
06/10/2026 15:25:42;2026-10-06T13:25:42.354Z;Courses de lévriers;OK;5,6;5573
06/10/2026 15:37:34;2026-10-06T13:37:34.966Z;Courses hippiques (PMU);OK;4,9;4938
06/10/2026 15:37:34;2026-10-06T13:37:34.966Z;Courses de lévriers;ECHEC;18,2;18201
06/10/2026 15:49:43;2026-10-06T13:49:43.183Z;Courses hippiques (PMU);OK;3,9;3912
06/10/2026 15:49:43;2026-10-06T13:49:43.183Z;Courses de lévriers;ECHEC;21,0;20972
06/10/2026 16:02:12;2026-10-06T14:02:12.914Z;Courses hippiques (PMU);ECHEC;20,5;20530
06/10/2026 16:02:12;2026-10-06T14:02:12.914Z;Courses de lévriers;OK;6,1;6057
06/10/2026 16:13:22;2026-10-06T14:13:22.013Z;Courses hippiques (PMU);OK;6,4;6443
06/10/2026 16:13:22;2026-10-06T14:13:22.013Z;Courses de lévriers;OK;6,3;6316
06/10/2026 16:25:38;2026-10-06T14:25:38.302Z;Courses hippiques (PMU);ECHEC;20,3;20323
06/10/2026 16:25:38;2026-10-06T14:25:38.302Z;Courses de lévriers;OK;4,7;4702
06/10/2026 16:49:18;2026-10-06T14:49:18.858Z;Courses hippiques (PMU);OK;4,1;4132
06/10/2026 16:49:18;2026-10-06T14:49:18.858Z;Courses de lévriers;OK;4,8;4772
06/10/2026 17:02:07;2026-10-06T15:02:07.162Z;Courses hippiques (PMU);ECHEC;16,0;15977
06/10/2026 17:02:07;2026-10-06T15:02:07.162Z;Courses de lévriers;OK;6,2;6189
06/10/2026 17:13:41;2026-10-06T15:13:41.404Z;Courses hippiques (PMU);ECHEC;20,2;20156
06/10/2026 17:13:41;2026-10-06T15:13:41.404Z;Courses de lévriers;OK;4,9;4871
06/10/2026 17:27:18;2026-10-06T15:27:18.900Z;Courses hippiques (PMU);ECHEC;20,1;20065
06/10/2026 17:27:18;2026-10-06T15:27:18.900Z;Courses de lévriers;OK;5,1;5077
06/10/2026 17:37:20;2026-10-06T15:37:20.969Z;Courses hippiques (PMU);ECHEC;4,1;4065
06/10/2026 17:37:20;2026-10-06T15:37:20.969Z;Courses de lévriers;OK;4,9;4883
06/10/2026 17:57:16;2026-10-06T15:57:16.323Z;Courses hippiques (PMU);ECHEC;20,6;20617
06/10/2026 17:57:16;2026-10-06T15:57:16.323Z;Courses de lévriers;ECHEC;20,3;20316
06/10/2026 18:01:14;2026-10-06T16:01:14.298Z;Courses hippiques (PMU);ECHEC;20,2;20228
06/10/2026 18:01:14;2026-10-06T16:01:14.298Z;Courses de lévriers;ECHEC;20,2;20210
06/10/2026 18:13:22;2026-10-06T16:13:22.884Z;Courses hippiques (PMU);OK;6,4;6418
06/10/2026 18:13:22;2026-10-06T16:13:22.884Z;Courses de lévriers;OK;6,0;5961
06/10/2026 18:25:39;2026-10-06T16:25:39.964Z;Courses hippiques (PMU);OK;5,5;5503
06/10/2026 18:25:39;2026-10-06T16:25:39.964Z;Courses de lévriers;OK;4,8;4813
06/10/2026 18:37:42;2026-10-06T16:37:42.464Z;Courses hippiques (PMU);OK;5,9;5918
06/10/2026 18:37:42;2026-10-06T16:37:42.464Z;Courses de lévriers;ECHEC;20,9;20904
06/10/2026 18:56:20;2026-10-06T16:56:20.575Z;Courses hippiques (PMU);ECHEC;20,7;20731
06/10/2026 18:56:20;2026-10-06T16:56:20.575Z;Courses de lévriers;OK;5,3;5336
06/10/2026 19:02:36;2026-10-06T17:02:36.708Z;Courses hippiques (PMU);ECHEC;20,3;20287
06/10/2026 19:02:36;2026-10-06T17:02:36.708Z;Courses de lévriers;OK;3,0;2955
06/10/2026 19:13:30;2026-10-06T17:13:30.220Z;Courses hippiques (PMU);ECHEC;20,3;20339
06/10/2026 19:13:30;2026-10-06T17:13:30.220Z;Courses de lévriers;OK;3,5;3489
06/10/2026 19:25:32;2026-10-06T17:25:32.831Z;Courses hippiques (PMU);OK;4,3;4295
06/10/2026 19:25:32;2026-10-06T17:25:32.831Z;Courses de lévriers;ECHEC;20,6;20564
06/10/2026 19:37:58;2026-10-06T17:37:58.402Z;Courses hippiques (PMU);ECHEC;20,0;20009
06/10/2026 19:37:58;2026-10-06T17:37:58.402Z;Courses de lévriers;ECHEC;20,4;20410
06/10/2026 19:49:23;2026-10-06T17:49:23.761Z;Courses hippiques (PMU);OK;5,4;5435
06/10/2026 19:49:23;2026-10-06T17:49:23.761Z;Courses de lévriers;OK;5,2;5237
06/10/2026 20:02:14;2026-10-06T18:02:14.987Z;Courses hippiques (PMU);ECHEC;20,5;20486
06/10/2026 20:02:14;2026-10-06T18:02:14.987Z;Courses de lévriers;OK;3,9;3862
06/10/2026 20:13:36;2026-10-06T18:13:36.798Z;Courses hippiques (PMU);ECHEC;20,2;20169
06/10/2026 20:13:36;2026-10-06T18:13:36.798Z;Courses de lévriers;OK;4,7;4726
06/10/2026 20:25:37;2026-10-06T18:25:37.796Z;Courses hippiques (PMU);ECHEC;20,2;20205
06/10/2026 20:25:37;2026-10-06T18:25:37.796Z;Courses de lévriers;OK;5,8;5778
06/10/2026 20:37:25;2026-10-06T18:37:25.569Z;Courses hippiques (PMU);OK;5,2;5220
06/10/2026 20:37:25;2026-10-06T18:37:25.569Z;Courses de lévriers;OK;4,7;4681
06/10/2026 20:49:38;2026-10-06T18:49:38.442Z;Courses hippiques (PMU);ECHEC;20,0;20021
06/10/2026 20:49:38;2026-10-06T18:49:38.442Z;Courses de lévriers;OK;4,4;4374
06/10/2026 21:02:17;2026-10-06T19:02:17.523Z;Courses hippiques (PMU);OK;4,5;4484
06/10/2026 21:02:17;2026-10-06T19:02:17.523Z;Courses de lévriers;ECHEC;20,9;20916
06/10/2026 21:13:38;2026-10-06T19:13:38.204Z;Courses hippiques (PMU);ECHEC;20,3;20263
06/10/2026 21:13:38;2026-10-06T19:13:38.204Z;Courses de lévriers;OK;6,5;6477
06/10/2026 21:25:48;2026-10-06T19:25:48.736Z;Courses hippiques (PMU);OK;5,1;5096
06/10/2026 21:25:48;2026-10-06T19:25:48.736Z;Courses de lévriers;ECHEC;20,4;20350
06/10/2026 21:37:52;2026-10-06T19:37:52.458Z;Courses hippiques (PMU);ECHEC;20,0;20034
06/10/2026 21:37:52;2026-10-06T19:37:52.458Z;Courses de lévriers;ECHEC;20,5;20501
06/10/2026 22:05:07;2026-10-06T20:05:07.203Z;Courses hippiques (PMU);ECHEC;20,2;20192
06/10/2026 22:05:07;2026-10-06T20:05:07.203Z;Courses de lévriers;OK;5,7;5739
06/10/2026 22:13:52;2026-10-06T20:13:52.961Z;Courses hippiques (PMU);OK;5,3;5275
06/10/2026 22:13:52;2026-10-06T20:13:52.961Z;Courses de lévriers;ECHEC;20,8;20761
06/10/2026 22:25:39;2026-10-06T20:25:39.715Z;Courses hippiques (PMU);OK;5,1;5113
06/10/2026 22:25:39;2026-10-06T20:25:39.715Z;Courses de lévriers;ECHEC;20,1;20141
